This is pdfTeX, Version 3.141592653-2.6-1.40.27 (MiKTeX 25.4) (preloaded format=pdflatex 2025.9.25)  18 OCT 2025 18:27
entering extended mode
 restricted \write18 enabled.
 file:line:error style messages enabled.
 %&-line parsing enabled.
**c:/Users/bnola/Documents/Polytech/ETN4/Ptrans/Ptrans/CDC_ebauche/main.tex
(c:/Users/bnola/Documents/Polytech/ETN4/Ptrans/Ptrans/CDC_ebauche/main.tex
LaTeX2e <2025-06-01> patch level 1
L3 programming layer <2025-09-02>
(param.cls (C:\Users\bnola\AppData\Local\Programs\MiKTeX\tex/latex/base\article.cls
Document Class: article 2025/01/22 v1.4n Standard LaTeX document class
(C:\Users\bnola\AppData\Local\Programs\MiKTeX\tex/latex/base\size12.clo
File: size12.clo 2025/01/22 v1.4n Standard LaTeX file (size option)
)
\c@part=\count275
\c@section=\count276
\c@subsection=\count277
\c@subsubsection=\count278
\c@paragraph=\count279
\c@subparagraph=\count280
\c@figure=\count281
\c@table=\count282
\abovecaptionskip=\skip49
\belowcaptionskip=\skip50
\bibindent=\dimen148
) (C:\Users\bnola\AppData\Local\Programs\MiKTeX\tex/generic/babel\babel.sty
Package: babel 2025/08/03 v25.12 The multilingual framework for LuaLaTeX, pdfLaTeX and XeLaTeX
\babel@savecnt=\count283
LaTeX Encoding Info:    Redeclaring text command \ij (encoding OT1) on input line 2045.
LaTeX Encoding Info:    Redeclaring text command \IJ (encoding OT1) on input line 2047.
LaTeX Encoding Info:    Redeclaring text command \ij (encoding T1) on input line 2049.
LaTeX Encoding Info:    Redeclaring text command \IJ (encoding T1) on input line 2050.
LaTeX Encoding Info:    Ignoring declaration for text command \ij (encoding ?) on input line 2051.
LaTeX Encoding Info:    Ignoring declaration for text command \IJ (encoding ?) on input line 2053.
LaTeX Encoding Info:    Ignoring declaration for text command \SS (encoding ?) on input line 2078.
\U@D=\dimen149
\l@unhyphenated=\language79
 (C:\Users\bnola\AppData\Local\Programs\MiKTeX\tex/generic/babel\txtbabel.def)
\bbl@readstream=\read2
\bbl@dirlevel=\count284

*************************************
* Local config file bblopts.cfg used
*
(C:\Users\bnola\AppData\Local\Programs\MiKTeX\tex/latex/arabi\bblopts.cfg
File: bblopts.cfg 2005/09/08 v0.1 add Arabic and Farsi to "declared" options of babel
) (C:\Users\bnola\AppData\Local\Programs\MiKTeX\tex/generic/babel-french\french.ldf
Language: french 2025-08-15 v4.0e French support from the babel system
 (C:\Users\bnola\AppData\Local\Programs\MiKTeX\tex/generic/babel/locale/fr\babel-french.tex
Package babel Info: Importing font and identification data for french
(babel)             from babel-fr.ini. Reported on input line 12.
) (C:\Users\bnola\AppData\Local\Programs\MiKTeX\tex/generic/babel-french\french3.ldf
Language: french 2025-08-15 v3.7e French support from the babel system
\FB@stdchar=\count285
Package babel Info: Making : an active character on input line 273.
Package babel Info: Making ; an active character on input line 274.
Package babel Info: Making ! an active character on input line 275.
Package babel Info: Making ? an active character on input line 276.
\FBguill@level=\count286
\FBold@everypar=\toks17
\FB@Mht=\dimen150
\mc@charclass=\count287
\mc@charfam=\count288
\mc@charslot=\count289
\std@mcc=\count290
\dec@mcc=\count291
\FB@pardim=\dimen151
\listindentFB=\dimen152
\descindentFB=\dimen153
\labelindentFB=\dimen154
\labelwidthFB=\dimen155
\leftmarginFB=\dimen156
\parindentFFN=\dimen157
\FBfnindent=\dimen158
))) (C:\Users\bnola\AppData\Local\Programs\MiKTeX\tex/latex/carlisle\scalefnt.sty) (C:\Users\bnola\AppData\Local\Programs\MiKTeX\tex/latex/base\inputenc.sty
Package: inputenc 2024/02/08 v1.3d Input encoding file
\inpenc@prehook=\toks18
\inpenc@posthook=\toks19
) (C:\Users\bnola\AppData\Local\Programs\MiKTeX\tex/latex/base\fontenc.sty
Package: fontenc 2024/12/21 v2.1c Standard LaTeX package
) (C:\Users\bnola\AppData\Local\Programs\MiKTeX\tex/latex/mathtools\mathtools.sty
Package: mathtools 2024/10/04 v1.31 mathematical typesetting tools
 (C:\Users\bnola\AppData\Local\Programs\MiKTeX\tex/latex/graphics\keyval.sty
Package: keyval 2022/05/29 v1.15 key=value parser (DPC)
\KV@toks@=\toks20
) (C:\Users\bnola\AppData\Local\Programs\MiKTeX\tex/latex/tools\calc.sty
Package: calc 2025/03/01 v4.3b Infix arithmetic (KKT,FJ)
\calc@Acount=\count292
\calc@Bcount=\count293
\calc@Adimen=\dimen159
\calc@Bdimen=\dimen160
\calc@Askip=\skip51
\calc@Bskip=\skip52
LaTeX Info: Redefining \setlength on input line 86.
LaTeX Info: Redefining \addtolength on input line 87.
\calc@Ccount=\count294
\calc@Cskip=\skip53
) (C:\Users\bnola\AppData\Local\Programs\MiKTeX\tex/latex/mathtools\mhsetup.sty
Package: mhsetup 2021/03/18 v1.4 programming setup (MH)
) (C:\Users\bnola\AppData\Local\Programs\MiKTeX\tex/latex/amsmath\amsmath.sty
Package: amsmath 2025/06/16 v2.17y AMS math features
\@mathmargin=\skip54

For additional information on amsmath, use the `?' option.
(C:\Users\bnola\AppData\Local\Programs\MiKTeX\tex/latex/amsmath\amstext.sty
Package: amstext 2024/11/17 v2.01 AMS text
 (C:\Users\bnola\AppData\Local\Programs\MiKTeX\tex/latex/amsmath\amsgen.sty
File: amsgen.sty 1999/11/30 v2.0 generic functions
\@emptytoks=\toks21
\ex@=\dimen161
)) (C:\Users\bnola\AppData\Local\Programs\MiKTeX\tex/latex/amsmath\amsbsy.sty
Package: amsbsy 1999/11/29 v1.2d Bold Symbols
\pmbraise@=\dimen162
) (C:\Users\bnola\AppData\Local\Programs\MiKTeX\tex/latex/amsmath\amsopn.sty
Package: amsopn 2022/04/08 v2.04 operator names
)
\inf@bad=\count295
LaTeX Info: Redefining \frac on input line 233.
\uproot@=\count296
\leftroot@=\count297
LaTeX Info: Redefining \overline on input line 398.
LaTeX Info: Redefining \colon on input line 409.
\classnum@=\count298
\DOTSCASE@=\count299
LaTeX Info: Redefining \ldots on input line 495.
LaTeX Info: Redefining \dots on input line 498.
LaTeX Info: Redefining \cdots on input line 619.
\Mathstrutbox@=\box53
\strutbox@=\box54
LaTeX Info: Redefining \big on input line 721.
LaTeX Info: Redefining \Big on input line 722.
LaTeX Info: Redefining \bigg on input line 723.
LaTeX Info: Redefining \Bigg on input line 724.
\big@size=\dimen163
LaTeX Font Info:    Redeclaring font encoding OML on input line 742.
LaTeX Font Info:    Redeclaring font encoding OMS on input line 743.
\macc@depth=\count300
LaTeX Info: Redefining \bmod on input line 904.
LaTeX Info: Redefining \pmod on input line 909.
LaTeX Info: Redefining \smash on input line 939.
LaTeX Info: Redefining \relbar on input line 969.
LaTeX Info: Redefining \Relbar on input line 970.
\c@MaxMatrixCols=\count301
\dotsspace@=\muskip17
\c@parentequation=\count302
\dspbrk@lvl=\count303
\tag@help=\toks22
\row@=\count304
\column@=\count305
\maxfields@=\count306
\andhelp@=\toks23
\eqnshift@=\dimen164
\alignsep@=\dimen165
\tagshift@=\dimen166
\tagwidth@=\dimen167
\totwidth@=\dimen168
\lineht@=\dimen169
\@envbody=\toks24
\multlinegap=\skip55
\multlinetaggap=\skip56
\mathdisplay@stack=\toks25
LaTeX Info: Redefining \[ on input line 2949.
LaTeX Info: Redefining \] on input line 2950.
)
\g_MT_multlinerow_int=\count307
\l_MT_multwidth_dim=\dimen170
\origjot=\skip57
\l_MT_shortvdotswithinadjustabove_dim=\dimen171
\l_MT_shortvdotswithinadjustbelow_dim=\dimen172
\l_MT_above_intertext_sep=\dimen173
\l_MT_below_intertext_sep=\dimen174
\l_MT_above_shortintertext_sep=\dimen175
\l_MT_below_shortintertext_sep=\dimen176
\xmathstrut@box=\box55
\xmathstrut@dim=\dimen177
) (C:\Users\bnola\AppData\Local\Programs\MiKTeX\tex/latex/amsfonts\amssymb.sty
Package: amssymb 2013/01/14 v3.01 AMS font symbols
 (C:\Users\bnola\AppData\Local\Programs\MiKTeX\tex/latex/amsfonts\amsfonts.sty
Package: amsfonts 2013/01/14 v3.01 Basic AMSFonts support
\symAMSa=\mathgroup4
\symAMSb=\mathgroup5
LaTeX Font Info:    Redeclaring math symbol \hbar on input line 98.
LaTeX Font Info:    Overwriting math alphabet `\mathfrak' in version `bold'
(Font)                  U/euf/m/n --> U/euf/b/n on input line 106.
)) (C:\Users\bnola\AppData\Local\Programs\MiKTeX\tex/latex/siunitx\siunitx.sty
Package: siunitx 2025-07-09 v3.4.14 A comprehensive (SI) units package
\l__siunitx_number_uncert_offset_int=\count308
\l__siunitx_number_exponent_fixed_int=\count309
\l__siunitx_number_min_decimal_int=\count310
\l__siunitx_number_min_integer_int=\count311
\l__siunitx_number_round_precision_int=\count312
\l__siunitx_number_lower_threshold_int=\count313
\l__siunitx_number_upper_threshold_int=\count314
\l__siunitx_number_group_first_int=\count315
\l__siunitx_number_group_size_int=\count316
\l__siunitx_number_group_minimum_int=\count317
\l__siunitx_angle_tmp_dim=\dimen178
\l__siunitx_angle_marker_box=\box56
\l__siunitx_angle_unit_box=\box57
\l__siunitx_compound_count_int=\count318
 (C:\Users\bnola\AppData\Local\Programs\MiKTeX\tex/latex/translations\translations.sty
Package: translations 2022/02/05 v1.12 internationalization of LaTeX2e packages (CN)
 (C:\Users\bnola\AppData\Local\Programs\MiKTeX\tex/latex/etoolbox\etoolbox.sty
Package: etoolbox 2025/02/11 v2.5l e-TeX tools for LaTeX (JAW)
\etb@tempcnta=\count319
) (C:\Users\bnola\AppData\Local\Programs\MiKTeX\tex/generic/pdftexcmds\pdftexcmds.sty
Package: pdftexcmds 2020-06-27 v0.33 Utility functions of pdfTeX for LuaTeX (HO)
 (C:\Users\bnola\AppData\Local\Programs\MiKTeX\tex/generic/infwarerr\infwarerr.sty
Package: infwarerr 2019/12/03 v1.5 Providing info/warning/error messages (HO)
) (C:\Users\bnola\AppData\Local\Programs\MiKTeX\tex/generic/iftex\iftex.sty
Package: iftex 2024/12/12 v1.0g TeX engine tests
) (C:\Users\bnola\AppData\Local\Programs\MiKTeX\tex/generic/ltxcmds\ltxcmds.sty
Package: ltxcmds 2023-12-04 v1.26 LaTeX kernel commands for general use (HO)
)
Package pdftexcmds Info: \pdf@primitive is available.
Package pdftexcmds Info: \pdf@ifprimitive is available.
Package pdftexcmds Info: \pdfdraftmode found.
))
\l__siunitx_table_tmp_box=\box58
\l__siunitx_table_tmp_dim=\dimen179
\l__siunitx_table_column_width_dim=\dimen180
\l__siunitx_table_integer_box=\box59
\l__siunitx_table_decimal_box=\box60
\l__siunitx_table_uncert_box=\box61
\l__siunitx_table_before_box=\box62
\l__siunitx_table_after_box=\box63
\l__siunitx_table_before_dim=\dimen181
\l__siunitx_table_carry_dim=\dimen182
\l__siunitx_unit_tmp_int=\count320
\l__siunitx_unit_position_int=\count321
\l__siunitx_unit_total_int=\count322
 (C:\Users\bnola\AppData\Local\Programs\MiKTeX\tex/latex/tools\array.sty
Package: array 2025/06/08 v2.6j Tabular extension package (FMi)
\col@sep=\dimen183
\ar@mcellbox=\box64
\extrarowheight=\dimen184
\NC@list=\toks26
\extratabsurround=\skip58
\backup@length=\skip59
\ar@cellbox=\box65
)) (C:\Users\bnola\AppData\Local\Programs\MiKTeX\tex/latex/graphics\graphicx.sty
Package: graphicx 2024/12/31 v1.2e Enhanced LaTeX Graphics (DPC,SPQR)
 (C:\Users\bnola\AppData\Local\Programs\MiKTeX\tex/latex/graphics\graphics.sty
Package: graphics 2024/08/06 v1.4g Standard LaTeX Graphics (DPC,SPQR)
 (C:\Users\bnola\AppData\Local\Programs\MiKTeX\tex/latex/graphics\trig.sty
Package: trig 2023/12/02 v1.11 sin cos tan (DPC)
) (C:\Users\bnola\AppData\Local\Programs\MiKTeX\tex/latex/graphics-cfg\graphics.cfg
File: graphics.cfg 2016/06/04 v1.11 sample graphics configuration
)
Package graphics Info: Driver file: pdftex.def on input line 106.
 (C:\Users\bnola\AppData\Local\Programs\MiKTeX\tex/latex/graphics-def\pdftex.def
File: pdftex.def 2024/04/13 v1.2c Graphics/color driver for pdftex
))
\Gin@req@height=\dimen185
\Gin@req@width=\dimen186
) (C:\Users\bnola\AppData\Local\Programs\MiKTeX\tex/latex/float\float.sty
Package: float 2001/11/08 v1.3d Float enhancements (AL)
\c@float@type=\count323
\float@exts=\toks27
\float@box=\box66
\@float@everytoks=\toks28
\@floatcapt=\box67
) (C:\Users\bnola\AppData\Local\Programs\MiKTeX\tex/latex/placeins\placeins.sty
Package: placeins 2005/04/18  v 2.2
) (C:\Users\bnola\AppData\Local\Programs\MiKTeX\tex/latex/geometry\geometry.sty
Package: geometry 2020/01/02 v5.9 Page Geometry
 (C:\Users\bnola\AppData\Local\Programs\MiKTeX\tex/generic/iftex\ifvtex.sty
Package: ifvtex 2019/10/25 v1.7 ifvtex legacy package. Use iftex instead.
)
\Gm@cnth=\count324
\Gm@cntv=\count325
\c@Gm@tempcnt=\count326
\Gm@bindingoffset=\dimen187
\Gm@wd@mp=\dimen188
\Gm@odd@mp=\dimen189
\Gm@even@mp=\dimen190
\Gm@layoutwidth=\dimen191
\Gm@layoutheight=\dimen192
\Gm@layouthoffset=\dimen193
\Gm@layoutvoffset=\dimen194
\Gm@dimlist=\toks29
 (C:\Users\bnola\AppData\Local\Programs\MiKTeX\tex/latex/geometry\geometry.cfg)) (C:\Users\bnola\AppData\Local\Programs\MiKTeX\tex/latex/hyperref\hyperref.sty
Package: hyperref 2025-07-12 v7.01o Hypertext links for LaTeX
 (C:\Users\bnola\AppData\Local\Programs\MiKTeX\tex/latex/kvsetkeys\kvsetkeys.sty
Package: kvsetkeys 2022-10-05 v1.19 Key value parser (HO)
) (C:\Users\bnola\AppData\Local\Programs\MiKTeX\tex/generic/kvdefinekeys\kvdefinekeys.sty
Package: kvdefinekeys 2019-12-19 v1.6 Define keys (HO)
) (C:\Users\bnola\AppData\Local\Programs\MiKTeX\tex/generic/pdfescape\pdfescape.sty
Package: pdfescape 2019/12/09 v1.15 Implements pdfTeX's escape features (HO)
) (C:\Users\bnola\AppData\Local\Programs\MiKTeX\tex/latex/hycolor\hycolor.sty
Package: hycolor 2020-01-27 v1.10 Color options for hyperref/bookmark (HO)
) (C:\Users\bnola\AppData\Local\Programs\MiKTeX\tex/latex/hyperref\nameref.sty
Package: nameref 2025-06-21 v2.57 Cross-referencing by name of section
 (C:\Users\bnola\AppData\Local\Programs\MiKTeX\tex/latex/refcount\refcount.sty
Package: refcount 2019/12/15 v3.6 Data extraction from label references (HO)
) (C:\Users\bnola\AppData\Local\Programs\MiKTeX\tex/generic/gettitlestring\gettitlestring.sty
Package: gettitlestring 2019/12/15 v1.6 Cleanup title references (HO)
 (C:\Users\bnola\AppData\Local\Programs\MiKTeX\tex/latex/kvoptions\kvoptions.sty
Package: kvoptions 2022-06-15 v3.15 Key value format for package options (HO)
))
\c@section@level=\count327
) (C:\Users\bnola\AppData\Local\Programs\MiKTeX\tex/generic/stringenc\stringenc.sty
Package: stringenc 2019/11/29 v1.12 Convert strings between diff. encodings (HO)
)
\@linkdim=\dimen195
\Hy@linkcounter=\count328
\Hy@pagecounter=\count329
 (C:\Users\bnola\AppData\Local\Programs\MiKTeX\tex/latex/hyperref\pd1enc.def
File: pd1enc.def 2025-07-12 v7.01o Hyperref: PDFDocEncoding definition (HO)
Now handling font encoding PD1 ...
... no UTF-8 mapping file for font encoding PD1
) (C:\Users\bnola\AppData\Local\Programs\MiKTeX\tex/generic/intcalc\intcalc.sty
Package: intcalc 2019/12/15 v1.3 Expandable calculations with integers (HO)
)
\Hy@SavedSpaceFactor=\count330
 (C:\Users\bnola\AppData\Local\Programs\MiKTeX\tex/latex/hyperref\puenc.def
File: puenc.def 2025-07-12 v7.01o Hyperref: PDF Unicode definition (HO)
Now handling font encoding PU ...
... no UTF-8 mapping file for font encoding PU
)
Package hyperref Info: Hyper figures OFF on input line 4195.
Package hyperref Info: Link nesting OFF on input line 4200.
Package hyperref Info: Hyper index ON on input line 4203.
Package hyperref Info: Plain pages OFF on input line 4210.
Package hyperref Info: Backreferencing OFF on input line 4215.
Package hyperref Info: Implicit mode ON; LaTeX internals redefined.
Package hyperref Info: Bookmarks ON on input line 4462.
\c@Hy@tempcnt=\count331
 (C:\Users\bnola\AppData\Local\Programs\MiKTeX\tex/latex/url\url.sty
\Urlmuskip=\muskip18
Package: url 2013/09/16  ver 3.4  Verb mode for urls, etc.
)
LaTeX Info: Redefining \url on input line 4801.
\XeTeXLinkMargin=\dimen196
 (C:\Users\bnola\AppData\Local\Programs\MiKTeX\tex/generic/bitset\bitset.sty
Package: bitset 2019/12/09 v1.3 Handle bit-vector datatype (HO)
 (C:\Users\bnola\AppData\Local\Programs\MiKTeX\tex/generic/bigintcalc\bigintcalc.sty
Package: bigintcalc 2019/12/15 v1.5 Expandable calculations on big integers (HO)
))
\Fld@menulength=\count332
\Field@Width=\dimen197
\Fld@charsize=\dimen198
Package hyperref Info: Hyper figures OFF on input line 6078.
Package hyperref Info: Link nesting OFF on input line 6083.
Package hyperref Info: Hyper index ON on input line 6086.
Package hyperref Info: backreferencing OFF on input line 6093.
Package hyperref Info: Link coloring OFF on input line 6098.
Package hyperref Info: Link coloring with OCG OFF on input line 6103.
Package hyperref Info: PDF/A mode OFF on input line 6108.
\Hy@abspage=\count333
\c@Item=\count334
\c@Hfootnote=\count335
)
Package hyperref Info: Driver (autodetected): hpdftex.
 (C:\Users\bnola\AppData\Local\Programs\MiKTeX\tex/latex/hyperref\hpdftex.def
File: hpdftex.def 2025-07-12 v7.01o Hyperref driver for pdfTeX
\Fld@listcount=\count336
\c@bookmark@seq@number=\count337
 (C:\Users\bnola\AppData\Local\Programs\MiKTeX\tex/latex/rerunfilecheck\rerunfilecheck.sty
Package: rerunfilecheck 2025-06-21 v1.11 Rerun checks for auxiliary files (HO)
 (C:\Users\bnola\AppData\Local\Programs\MiKTeX\tex/generic/uniquecounter\uniquecounter.sty
Package: uniquecounter 2019/12/15 v1.4 Provide unlimited unique counter (HO)
)
Package uniquecounter Info: New unique counter `rerunfilecheck' on input line 284.
)
\Hy@SectionHShift=\skip60
) (C:\Users\bnola\AppData\Local\Programs\MiKTeX\tex/latex/lipsum\lipsum.sty (C:\Users\bnola\AppData\Local\Programs\MiKTeX\tex/latex/l3packages/l3keys2e\l3keys2e.sty (C:\Users\bnola\AppData\Local\Programs\MiKTeX\tex/latex/l3kernel\expl3.sty
Package: expl3 2025-09-02 L3 programming layer (loader) 
 (C:\Users\bnola\AppData\Local\Programs\MiKTeX\tex/latex/l3backend\l3backend-pdftex.def
File: l3backend-pdftex.def 2025-06-09 L3 backend support: PDF output (pdfTeX)
\l__color_backend_stack_int=\count338
))
Package: l3keys2e 2024-08-16 LaTeX2e option processing using LaTeX3 keys
)
Package: lipsum 2021-09-20 v2.7 150 paragraphs of Lorem Ipsum dummy text
\g__lipsum_par_int=\count339
\l__lipsum_a_int=\count340
\l__lipsum_b_int=\count341
 (C:\Users\bnola\AppData\Local\Programs\MiKTeX\tex/latex/lipsum\lipsum.ltd.tex)) (C:\Users\bnola\AppData\Local\Programs\MiKTeX\tex/latex/enumitem\enumitem.sty
Package: enumitem 2025/02/06 v3.11 Customized lists
\labelindent=\skip61
\enit@outerparindent=\dimen199
\enit@toks=\toks30
\enit@inbox=\box68
\enit@count@id=\count342
\enitdp@description=\count343
) (C:\Users\bnola\AppData\Local\Programs\MiKTeX\tex/latex/bookmark\bookmark.sty
Package: bookmark 2023-12-10 v1.31 PDF bookmarks (HO)
 (C:\Users\bnola\AppData\Local\Programs\MiKTeX\tex/latex/bookmark\bkm-pdftex.def
File: bkm-pdftex.def 2023-12-10 v1.31 bookmark driver for pdfTeX and luaTeX (HO)
\BKM@id=\count344
)) (C:\Users\bnola\AppData\Local\Programs\MiKTeX\tex/latex/tools\tabularx.sty
Package: tabularx 2023/12/11 v2.12a `tabularx' package (DPC)
\TX@col@width=\dimen256
\TX@old@table=\dimen257
\TX@old@col=\dimen258
\TX@target=\dimen259
\TX@delta=\dimen260
\TX@cols=\count345
\TX@ftn=\toks31
) (C:\Users\bnola\AppData\Local\Programs\MiKTeX\tex/latex/booktabs\booktabs.sty
Package: booktabs 2020/01/12 v1.61803398 Publication quality tables
\heavyrulewidth=\dimen261
\lightrulewidth=\dimen262
\cmidrulewidth=\dimen263
\belowrulesep=\dimen264
\belowbottomsep=\dimen265
\aboverulesep=\dimen266
\abovetopsep=\dimen267
\cmidrulesep=\dimen268
\cmidrulekern=\dimen269
\defaultaddspace=\dimen270
\@cmidla=\count346
\@cmidlb=\count347
\@aboverulesep=\dimen271
\@belowrulesep=\dimen272
\@thisruleclass=\count348
\@lastruleclass=\count349
\@thisrulewidth=\dimen273
) (C:\Users\bnola\AppData\Local\Programs\MiKTeX\tex/latex/xcolor\xcolor.sty
Package: xcolor 2024/09/29 v3.02 LaTeX color extensions (UK)
 (C:\Users\bnola\AppData\Local\Programs\MiKTeX\tex/latex/graphics-cfg\color.cfg
File: color.cfg 2016/01/02 v1.6 sample color configuration
)
Package xcolor Info: Driver file: pdftex.def on input line 274.
 (C:\Users\bnola\AppData\Local\Programs\MiKTeX\tex/latex/graphics\mathcolor.ltx)
Package xcolor Info: Model `cmy' substituted by `cmy0' on input line 1349.
Package xcolor Info: Model `hsb' substituted by `rgb' on input line 1353.
Package xcolor Info: Model `RGB' extended on input line 1365.
Package xcolor Info: Model `HTML' substituted by `rgb' on input line 1367.
Package xcolor Info: Model `Hsb' substituted by `hsb' on input line 1368.
Package xcolor Info: Model `tHsb' substituted by `hsb' on input line 1369.
Package xcolor Info: Model `HSB' substituted by `hsb' on input line 1370.
Package xcolor Info: Model `Gray' substituted by `gray' on input line 1371.
Package xcolor Info: Model `wave' substituted by `hsb' on input line 1372.
) (C:\Users\bnola\AppData\Local\Programs\MiKTeX\tex/latex/pdflscape\pdflscape.sty
Package: pdflscape 2022-10-27 v0.13 Display of landscape pages in PDF
 (C:\Users\bnola\AppData\Local\Programs\MiKTeX\tex/latex/pdflscape\pdflscape-nometadata.sty
Package: pdflscape-nometadata 2022-10-28 v0.13 Display of landscape pages in PDF (HO)
 (C:\Users\bnola\AppData\Local\Programs\MiKTeX\tex/latex/graphics\lscape.sty
Package: lscape 2020/05/28 v3.02 Landscape Pages (DPC)
)
Package pdflscape Info: Auto-detected driver: pdftex on input line 81.
)) (C:\Users\bnola\AppData\Local\Programs\MiKTeX\tex/latex/tools\longtable.sty
Package: longtable 2024-12-18 v4.23 Multi-page Table package (DPC)
\LTleft=\skip62
\LTright=\skip63
\LTpre=\skip64
\LTpost=\skip65
\LTchunksize=\count350
\LTcapwidth=\dimen274
\LT@head=\box69
\LT@firsthead=\box70
\LT@foot=\box71
\LT@lastfoot=\box72
\LT@gbox=\box73
\LT@cols=\count351
\LT@rows=\count352
\c@LT@tables=\count353
\c@LT@chunks=\count354
\LT@p@ftn=\toks32
) (C:\Users\bnola\AppData\Local\Programs\MiKTeX\tex/latex/ltablex\ltablex.sty
Package: ltablex 2014/08/13 v1.1 Modified tabularx
) (C:\Users\bnola\AppData\Local\Programs\MiKTeX\tex/latex/base\fix-cm.sty
Package: fix-cm 2020/11/24 v1.1t fixes to LaTeX
 (C:\Users\bnola\AppData\Local\Programs\MiKTeX\tex/latex/base\ts1enc.def
File: ts1enc.def 2001/06/05 v3.0e (jk/car/fm) Standard LaTeX file
LaTeX Font Info:    Redeclaring font encoding TS1 on input line 47.
LaTeX Encoding Info:    Redeclaring text command \capitalcedilla (encoding TS1) on input line 49.
LaTeX Encoding Info:    Redeclaring text command \capitalogonek (encoding TS1) on input line 52.
LaTeX Encoding Info:    Redeclaring text command \capitalgrave (encoding TS1) on input line 55.
LaTeX Encoding Info:    Redeclaring text command \capitalacute (encoding TS1) on input line 56.
LaTeX Encoding Info:    Redeclaring text command \capitalcircumflex (encoding TS1) on input line 57.
LaTeX Encoding Info:    Redeclaring text command \capitaltilde (encoding TS1) on input line 58.
LaTeX Encoding Info:    Redeclaring text command \capitaldieresis (encoding TS1) on input line 59.
LaTeX Encoding Info:    Redeclaring text command \capitalhungarumlaut (encoding TS1) on input line 60.
LaTeX Encoding Info:    Redeclaring text command \capitalring (encoding TS1) on input line 61.
LaTeX Encoding Info:    Redeclaring text command \capitalcaron (encoding TS1) on input line 62.
LaTeX Encoding Info:    Redeclaring text command \capitalbreve (encoding TS1) on input line 63.
LaTeX Encoding Info:    Redeclaring text command \capitalmacron (encoding TS1) on input line 64.
LaTeX Encoding Info:    Redeclaring text command \capitaldotaccent (encoding TS1) on input line 65.
LaTeX Encoding Info:    Redeclaring text command \t (encoding TS1) on input line 66.
LaTeX Encoding Info:    Redeclaring text command \capitaltie (encoding TS1) on input line 67.
LaTeX Encoding Info:    Redeclaring text command \newtie (encoding TS1) on input line 68.
LaTeX Encoding Info:    Redeclaring text command \capitalnewtie (encoding TS1) on input line 69.
LaTeX Encoding Info:    Redeclaring text symbol \textcapitalcompwordmark (encoding TS1) on input line 70.
LaTeX Encoding Info:    Redeclaring text symbol \textascendercompwordmark (encoding TS1) on input line 71.
LaTeX Encoding Info:    Redeclaring text symbol \textquotestraightbase (encoding TS1) on input line 72.
LaTeX Encoding Info:    Redeclaring text symbol \textquotestraightdblbase (encoding TS1) on input line 73.
LaTeX Encoding Info:    Redeclaring text symbol \texttwelveudash (encoding TS1) on input line 74.
LaTeX Encoding Info:    Redeclaring text symbol \textthreequartersemdash (encoding TS1) on input line 75.
LaTeX Encoding Info:    Redeclaring text symbol \textleftarrow (encoding TS1) on input line 76.
LaTeX Encoding Info:    Redeclaring text symbol \textrightarrow (encoding TS1) on input line 77.
LaTeX Encoding Info:    Redeclaring text symbol \textblank (encoding TS1) on input line 78.
LaTeX Encoding Info:    Redeclaring text symbol \textdollar (encoding TS1) on input line 79.
LaTeX Encoding Info:    Redeclaring text symbol \textquotesingle (encoding TS1) on input line 80.
LaTeX Encoding Info:    Redeclaring text command \textasteriskcentered (encoding TS1) on input line 81.
LaTeX Encoding Info:    Redeclaring text symbol \textdblhyphen (encoding TS1) on input line 92.
LaTeX Encoding Info:    Redeclaring text symbol \textfractionsolidus (encoding TS1) on input line 93.
LaTeX Encoding Info:    Redeclaring text symbol \textzerooldstyle (encoding TS1) on input line 94.
LaTeX Encoding Info:    Redeclaring text symbol \textoneoldstyle (encoding TS1) on input line 95.
LaTeX Encoding Info:    Redeclaring text symbol \texttwooldstyle (encoding TS1) on input line 96.
LaTeX Encoding Info:    Redeclaring text symbol \textthreeoldstyle (encoding TS1) on input line 97.
LaTeX Encoding Info:    Redeclaring text symbol \textfouroldstyle (encoding TS1) on input line 98.
LaTeX Encoding Info:    Redeclaring text symbol \textfiveoldstyle (encoding TS1) on input line 99.
LaTeX Encoding Info:    Redeclaring text symbol \textsixoldstyle (encoding TS1) on input line 100.
LaTeX Encoding Info:    Redeclaring text symbol \textsevenoldstyle (encoding TS1) on input line 101.
LaTeX Encoding Info:    Redeclaring text symbol \texteightoldstyle (encoding TS1) on input line 102.
LaTeX Encoding Info:    Redeclaring text symbol \textnineoldstyle (encoding TS1) on input line 103.
LaTeX Encoding Info:    Redeclaring text symbol \textlangle (encoding TS1) on input line 104.
LaTeX Encoding Info:    Redeclaring text symbol \textminus (encoding TS1) on input line 105.
LaTeX Encoding Info:    Redeclaring text symbol \textrangle (encoding TS1) on input line 106.
LaTeX Encoding Info:    Redeclaring text symbol \textmho (encoding TS1) on input line 107.
LaTeX Encoding Info:    Redeclaring text symbol \textbigcircle (encoding TS1) on input line 108.
LaTeX Encoding Info:    Redeclaring text command \textcircled (encoding TS1) on input line 109.
LaTeX Encoding Info:    Redeclaring text symbol \textohm (encoding TS1) on input line 115.
LaTeX Encoding Info:    Redeclaring text symbol \textlbrackdbl (encoding TS1) on input line 116.
LaTeX Encoding Info:    Redeclaring text symbol \textrbrackdbl (encoding TS1) on input line 117.
LaTeX Encoding Info:    Redeclaring text symbol \textuparrow (encoding TS1) on input line 118.
LaTeX Encoding Info:    Redeclaring text symbol \textdownarrow (encoding TS1) on input line 119.
LaTeX Encoding Info:    Redeclaring text symbol \textasciigrave (encoding TS1) on input line 120.
LaTeX Encoding Info:    Redeclaring text symbol \textborn (encoding TS1) on input line 121.
LaTeX Encoding Info:    Redeclaring text symbol \textdivorced (encoding TS1) on input line 122.
LaTeX Encoding Info:    Redeclaring text symbol \textdied (encoding TS1) on input line 123.
LaTeX Encoding Info:    Redeclaring text symbol \textleaf (encoding TS1) on input line 124.
LaTeX Encoding Info:    Redeclaring text symbol \textmarried (encoding TS1) on input line 125.
LaTeX Encoding Info:    Redeclaring text symbol \textmusicalnote (encoding TS1) on input line 126.
LaTeX Encoding Info:    Redeclaring text symbol \texttildelow (encoding TS1) on input line 127.
LaTeX Encoding Info:    Redeclaring text symbol \textdblhyphenchar (encoding TS1) on input line 128.
LaTeX Encoding Info:    Redeclaring text symbol \textasciibreve (encoding TS1) on input line 129.
LaTeX Encoding Info:    Redeclaring text symbol \textasciicaron (encoding TS1) on input line 130.
LaTeX Encoding Info:    Redeclaring text symbol \textacutedbl (encoding TS1) on input line 131.
LaTeX Encoding Info:    Redeclaring text symbol \textgravedbl (encoding TS1) on input line 132.
LaTeX Encoding Info:    Redeclaring text symbol \textdagger (encoding TS1) on input line 133.
LaTeX Encoding Info:    Redeclaring text symbol \textdaggerdbl (encoding TS1) on input line 134.
LaTeX Encoding Info:    Redeclaring text symbol \textbardbl (encoding TS1) on input line 135.
LaTeX Encoding Info:    Redeclaring text symbol \textperthousand (encoding TS1) on input line 136.
LaTeX Encoding Info:    Redeclaring text symbol \textbullet (encoding TS1) on input line 137.
LaTeX Encoding Info:    Redeclaring text symbol \textcelsius (encoding TS1) on input line 138.
LaTeX Encoding Info:    Redeclaring text symbol \textdollaroldstyle (encoding TS1) on input line 139.
LaTeX Encoding Info:    Redeclaring text symbol \textcentoldstyle (encoding TS1) on input line 140.
LaTeX Encoding Info:    Redeclaring text symbol \textflorin (encoding TS1) on input line 141.
LaTeX Encoding Info:    Redeclaring text symbol \textcolonmonetary (encoding TS1) on input line 142.
LaTeX Encoding Info:    Redeclaring text symbol \textwon (encoding TS1) on input line 143.
LaTeX Encoding Info:    Redeclaring text symbol \textnaira (encoding TS1) on input line 144.
LaTeX Encoding Info:    Redeclaring text symbol \textguarani (encoding TS1) on input line 145.
LaTeX Encoding Info:    Redeclaring text symbol \textpeso (encoding TS1) on input line 146.
LaTeX Encoding Info:    Redeclaring text symbol \textlira (encoding TS1) on input line 147.
LaTeX Encoding Info:    Redeclaring text symbol \textrecipe (encoding TS1) on input line 148.
LaTeX Encoding Info:    Redeclaring text symbol \textinterrobang (encoding TS1) on input line 149.
LaTeX Encoding Info:    Redeclaring text symbol \textinterrobangdown (encoding TS1) on input line 150.
LaTeX Encoding Info:    Redeclaring text symbol \textdong (encoding TS1) on input line 151.
LaTeX Encoding Info:    Redeclaring text symbol \texttrademark (encoding TS1) on input line 152.
LaTeX Encoding Info:    Redeclaring text symbol \textpertenthousand (encoding TS1) on input line 153.
LaTeX Encoding Info:    Redeclaring text symbol \textpilcrow (encoding TS1) on input line 154.
LaTeX Encoding Info:    Redeclaring text symbol \textbaht (encoding TS1) on input line 155.
LaTeX Encoding Info:    Redeclaring text symbol \textnumero (encoding TS1) on input line 156.
LaTeX Encoding Info:    Redeclaring text symbol \textdiscount (encoding TS1) on input line 157.
LaTeX Encoding Info:    Redeclaring text symbol \textestimated (encoding TS1) on input line 158.
LaTeX Encoding Info:    Redeclaring text symbol \textopenbullet (encoding TS1) on input line 159.
LaTeX Encoding Info:    Redeclaring text symbol \textservicemark (encoding TS1) on input line 160.
LaTeX Encoding Info:    Redeclaring text symbol \textlquill (encoding TS1) on input line 161.
LaTeX Encoding Info:    Redeclaring text symbol \textrquill (encoding TS1) on input line 162.
LaTeX Encoding Info:    Redeclaring text symbol \textcent (encoding TS1) on input line 163.
LaTeX Encoding Info:    Redeclaring text symbol \textsterling (encoding TS1) on input line 164.
LaTeX Encoding Info:    Redeclaring text symbol \textcurrency (encoding TS1) on input line 165.
LaTeX Encoding Info:    Redeclaring text symbol \textyen (encoding TS1) on input line 166.
LaTeX Encoding Info:    Redeclaring text symbol \textbrokenbar (encoding TS1) on input line 167.
LaTeX Encoding Info:    Redeclaring text symbol \textsection (encoding TS1) on input line 168.
LaTeX Encoding Info:    Redeclaring text symbol \textasciidieresis (encoding TS1) on input line 169.
LaTeX Encoding Info:    Redeclaring text symbol \textcopyright (encoding TS1) on input line 170.
LaTeX Encoding Info:    Redeclaring text symbol \textordfeminine (encoding TS1) on input line 171.
LaTeX Encoding Info:    Redeclaring text symbol \textcopyleft (encoding TS1) on input line 172.
LaTeX Encoding Info:    Redeclaring text symbol \textlnot (encoding TS1) on input line 173.
LaTeX Encoding Info:    Redeclaring text symbol \textcircledP (encoding TS1) on input line 174.
LaTeX Encoding Info:    Redeclaring text symbol \textregistered (encoding TS1) on input line 175.
LaTeX Encoding Info:    Redeclaring text symbol \textasciimacron (encoding TS1) on input line 176.
LaTeX Encoding Info:    Redeclaring text symbol \textdegree (encoding TS1) on input line 177.
LaTeX Encoding Info:    Redeclaring text symbol \textpm (encoding TS1) on input line 178.
LaTeX Encoding Info:    Redeclaring text symbol \texttwosuperior (encoding TS1) on input line 179.
LaTeX Encoding Info:    Redeclaring text symbol \textthreesuperior (encoding TS1) on input line 180.
LaTeX Encoding Info:    Redeclaring text symbol \textasciiacute (encoding TS1) on input line 181.
LaTeX Encoding Info:    Redeclaring text symbol \textmu (encoding TS1) on input line 182.
LaTeX Encoding Info:    Redeclaring text symbol \textparagraph (encoding TS1) on input line 183.
LaTeX Encoding Info:    Redeclaring text symbol \textperiodcentered (encoding TS1) on input line 184.
LaTeX Encoding Info:    Redeclaring text symbol \textreferencemark (encoding TS1) on input line 185.
LaTeX Encoding Info:    Redeclaring text symbol \textonesuperior (encoding TS1) on input line 186.
LaTeX Encoding Info:    Redeclaring text symbol \textordmasculine (encoding TS1) on input line 187.
LaTeX Encoding Info:    Redeclaring text symbol \textsurd (encoding TS1) on input line 188.
LaTeX Encoding Info:    Redeclaring text symbol \textonequarter (encoding TS1) on input line 189.
LaTeX Encoding Info:    Redeclaring text symbol \textonehalf (encoding TS1) on input line 190.
LaTeX Encoding Info:    Redeclaring text symbol \textthreequarters (encoding TS1) on input line 191.
LaTeX Encoding Info:    Redeclaring text symbol \texteuro (encoding TS1) on input line 192.
LaTeX Encoding Info:    Redeclaring text symbol \texttimes (encoding TS1) on input line 193.
LaTeX Encoding Info:    Redeclaring text symbol \textdiv (encoding TS1) on input line 194.
)) (C:\Users\bnola\AppData\Local\Programs\MiKTeX\tex/latex/lm\lmodern.sty
Package: lmodern 2015/05/01 v1.6.1 Latin Modern Fonts
LaTeX Font Info:    Overwriting symbol font `operators' in version `normal'
(Font)                  OT1/cmr/m/n --> OT1/lmr/m/n on input line 22.
LaTeX Font Info:    Overwriting symbol font `letters' in version `normal'
(Font)                  OML/cmm/m/it --> OML/lmm/m/it on input line 23.
LaTeX Font Info:    Overwriting symbol font `symbols' in version `normal'
(Font)                  OMS/cmsy/m/n --> OMS/lmsy/m/n on input line 24.
LaTeX Font Info:    Overwriting symbol font `largesymbols' in version `normal'
(Font)                  OMX/cmex/m/n --> OMX/lmex/m/n on input line 25.
LaTeX Font Info:    Overwriting symbol font `operators' in version `bold'
(Font)                  OT1/cmr/bx/n --> OT1/lmr/bx/n on input line 26.
LaTeX Font Info:    Overwriting symbol font `letters' in version `bold'
(Font)                  OML/cmm/b/it --> OML/lmm/b/it on input line 27.
LaTeX Font Info:    Overwriting symbol font `symbols' in version `bold'
(Font)                  OMS/cmsy/b/n --> OMS/lmsy/b/n on input line 28.
LaTeX Font Info:    Overwriting symbol font `largesymbols' in version `bold'
(Font)                  OMX/cmex/m/n --> OMX/lmex/m/n on input line 29.
LaTeX Font Info:    Overwriting math alphabet `\mathbf' in version `normal'
(Font)                  OT1/cmr/bx/n --> OT1/lmr/bx/n on input line 31.
LaTeX Font Info:    Overwriting math alphabet `\mathsf' in version `normal'
(Font)                  OT1/cmss/m/n --> OT1/lmss/m/n on input line 32.
LaTeX Font Info:    Overwriting math alphabet `\mathit' in version `normal'
(Font)                  OT1/cmr/m/it --> OT1/lmr/m/it on input line 33.
LaTeX Font Info:    Overwriting math alphabet `\mathtt' in version `normal'
(Font)                  OT1/cmtt/m/n --> OT1/lmtt/m/n on input line 34.
LaTeX Font Info:    Overwriting math alphabet `\mathbf' in version `bold'
(Font)                  OT1/cmr/bx/n --> OT1/lmr/bx/n on input line 35.
LaTeX Font Info:    Overwriting math alphabet `\mathsf' in version `bold'
(Font)                  OT1/cmss/bx/n --> OT1/lmss/bx/n on input line 36.
LaTeX Font Info:    Overwriting math alphabet `\mathit' in version `bold'
(Font)                  OT1/cmr/bx/it --> OT1/lmr/bx/it on input line 37.
LaTeX Font Info:    Overwriting math alphabet `\mathtt' in version `bold'
(Font)                  OT1/cmtt/m/n --> OT1/lmtt/m/n on input line 38.
) (C:\Users\bnola\AppData\Local\Programs\MiKTeX\tex/latex/listings\listings.sty
\lst@mode=\count355
\lst@gtempboxa=\box74
\lst@token=\toks33
\lst@length=\count356
\lst@currlwidth=\dimen275
\lst@column=\count357
\lst@pos=\count358
\lst@lostspace=\dimen276
\lst@width=\dimen277
\lst@newlines=\count359
\lst@lineno=\count360
\lst@maxwidth=\dimen278
 (C:\Users\bnola\AppData\Local\Programs\MiKTeX\tex/latex/listings\lstpatch.sty
File: lstpatch.sty 2024/09/23 1.10c (Carsten Heinz)
) (C:\Users\bnola\AppData\Local\Programs\MiKTeX\tex/latex/listings\lstmisc.sty
File: lstmisc.sty 2024/09/23 1.10c (Carsten Heinz)
\c@lstnumber=\count361
\lst@skipnumbers=\count362
\lst@framebox=\box75
) (C:\Users\bnola\AppData\Local\Programs\MiKTeX\tex/latex/listings\listings.cfg
File: listings.cfg 2024/09/23 1.10c listings configuration
))
Package: listings 2024/09/23 1.10c (Carsten Heinz)
 (C:\Users\bnola\AppData\Local\Programs\MiKTeX\tex/latex/fancybox\fancybox.sty
Package: fancybox 2010/05/15 1.4

Style option: `fancybox' v1.4 <2010/05/15> (tvz)
\@fancybox=\box76
\shadowsize=\dimen279
\@Sbox=\box77
\do@VerbBox=\toks34
\the@fancyput=\toks35
\this@fancyput=\toks36
\EndVerbatimTokens=\toks37
\Verbatim@Outfile=\write3
\Verbatim@Infile=\read3
) (C:\Users\bnola\AppData\Local\Programs\MiKTeX\tex/latex/thmbox\thmbox.sty
Package: thmbox 2005/04/24 v2.0 fancy theorem outlining
\thmbox@leftmargin=\dimen280
\thmbox@rightmargin=\dimen281
\thmbox@hskip=\dimen282
\thmbox@vskip=\dimen283
\thmbox@thickness=\dimen284
\thmbox@box=\box78
\thmbox@box@=\box79
\thmbox@dim=\dimen285
) (C:\Users\bnola\AppData\Local\Programs\MiKTeX\tex/latex/fancyhdr\fancyhdr.sty
Package: fancyhdr 2025/02/07 v5.2 Extensive control of page headers and footers
\f@nch@headwidth=\skip66
\f@nch@offset@elh=\skip67
\f@nch@offset@erh=\skip68
\f@nch@offset@olh=\skip69
\f@nch@offset@orh=\skip70
\f@nch@offset@elf=\skip71
\f@nch@offset@erf=\skip72
\f@nch@offset@olf=\skip73
\f@nch@offset@orf=\skip74
\f@nch@height=\skip75
\f@nch@footalignment=\skip76
\f@nch@widthL=\skip77
\f@nch@widthC=\skip78
\f@nch@widthR=\skip79
\@temptokenb=\toks38
) (C:\Users\bnola\AppData\Local\Programs\MiKTeX\tex/latex/wallpaper\wallpaper.sty
Package: wallpaper 2005/01/18, v1.01 easy wallpaper formatting (MHFW)
 (C:\Users\bnola\AppData\Local\Programs\MiKTeX\tex/latex/base\ifthen.sty
Package: ifthen 2024/03/16 v1.1e Standard LaTeX ifthen package (DPC)
) (C:\Users\bnola\AppData\Local\Programs\MiKTeX\tex/latex/eso-pic\eso-pic.sty
Package: eso-pic 2023/05/03 v3.0c eso-pic (RN)
\ESO@tempdima=\dimen286
\ESO@tempdimb=\dimen287
)
\wpXoffset=\skip80
\wpYoffset=\skip81
\tileXoffset=\skip82
\tileYoffset=\skip83
\tilewidth=\skip84
\tileheight=\skip85
\tileX=\skip86
\tileY=\skip87
) (C:\Users\bnola\AppData\Local\Programs\MiKTeX\tex/latex/nomencl\nomencl.sty
Package: nomencl 2021/11/10 v5.6 Nomenclature package
 (C:\Users\bnola\AppData\Local\Programs\MiKTeX\tex/latex/xkeyval\xkeyval.sty
Package: xkeyval 2022/06/16 v2.9 package option processing (HA)
 (C:\Users\bnola\AppData\Local\Programs\MiKTeX\tex/generic/xkeyval\xkeyval.tex (C:\Users\bnola\AppData\Local\Programs\MiKTeX\tex/generic/xkeyval\xkvutils.tex
\XKV@toks=\toks39
\XKV@tempa@toks=\toks40
)
\XKV@depth=\count363
File: xkeyval.tex 2014/12/03 v2.7a key=value parser (HA)
)) (C:\Users\bnola\AppData\Local\Programs\MiKTeX\tex/latex/koma-script\tocbasic.sty
Package: tocbasic 2025/09/09 v3.48 KOMA-Script package (handling toc-files)
 (C:\Users\bnola\AppData\Local\Programs\MiKTeX\tex/latex/koma-script\scrbase.sty
Package: scrbase 2025/09/09 v3.48 KOMA-Script package (KOMA-Script-independent basics and keyval usage)
 (C:\Users\bnola\AppData\Local\Programs\MiKTeX\tex/latex/koma-script\scrlfile.sty
Package: scrlfile 2025/09/09 v3.48 KOMA-Script package (file load hooks)
 (C:\Users\bnola\AppData\Local\Programs\MiKTeX\tex/latex/koma-script\scrlfile-hook.sty
Package: scrlfile-hook 2025/09/09 v3.48 KOMA-Script package (using LaTeX hooks)
 (C:\Users\bnola\AppData\Local\Programs\MiKTeX\tex/latex/koma-script\scrlogo.sty
Package: scrlogo 2025/09/09 v3.48 KOMA-Script package (logo)
)))
Applying: [2021/05/01] Usage of raw or classic option list on input line 254.
Already applied: [0000/00/00] Usage of raw or classic option list on input line 370.
)
\scr@dte@tocline@numberwidth=\skip88
\scr@dte@tocline@numbox=\box80
)
Package tocbasic Info: setting babel extension for `nlo' on input line 187.
Package tocbasic Info: setting babel extension for `nls' on input line 188.
\nomlabelwidth=\dimen288
\nom@tempdim=\dimen289
\nomitemsep=\skip89
) (C:\Users\bnola\AppData\Local\Programs\MiKTeX\tex/latex/picinpar\picinpar.sty
Pictures in Paragraphs. Version 1.2a, July 13, 1993
\br=\count364
\bl=\count365
\na=\count366
\nb=\count367
\tcdsav=\count368
\tcl=\count369
\tcd=\count370
\tcn=\count371
\cumtcl=\count372
\cumpartcl=\count373
\lftside=\dimen290
\rtside=\dimen291
\hpic=\dimen292
\vpic=\dimen293
\strutilg=\dimen294
\picwd=\dimen295
\topheight=\dimen296
\ilg=\dimen297
\lpic=\dimen298
\lwindowsep=\dimen299
\rwindowsep=\dimen300
\cumpar=\dimen301
\twa=\toks41
\la=\toks42
\ra=\toks43
\ha=\toks44
\pictoc=\toks45
\rawtext=\box81
\holder=\box82
\windowbox=\box83
\wartext=\box84
\finaltext=\box85
\aslice=\box86
\bslice=\box87
\wbox=\box88
\wstrutbox=\box89
\picbox=\box90
\waslice=\box91
\wbslice=\box92
\fslice=\box93
) (C:\Users\bnola\AppData\Local\Programs\MiKTeX\tex/latex/mathabx\mathabx.sty
Package: mathabx 2003/07/29 v0.0 Non-standard LaTeX package mathabx
\symmatha=\mathgroup6
\symmathb=\mathgroup7
\symmathx=\mathgroup8
 (C:\Users\bnola\AppData\Local\Programs\MiKTeX\tex/generic/mathabx\mathabx.dcl
LaTeX Font Info:    Redeclaring math symbol \cdotp on input line 25.
LaTeX Font Info:    Redeclaring math symbol \times on input line 33.
LaTeX Font Info:    Redeclaring math symbol \div on input line 34.
LaTeX Font Info:    Redeclaring math symbol \cdot on input line 35.
LaTeX Font Info:    Redeclaring math symbol \circ on input line 36.
LaTeX Font Info:    Redeclaring math symbol \ast on input line 38.
LaTeX Font Info:    Redeclaring math symbol \pm on input line 41.
LaTeX Font Info:    Redeclaring math symbol \mp on input line 42.
LaTeX Font Info:    Redeclaring math symbol \ltimes on input line 43.
LaTeX Font Info:    Redeclaring math symbol \rtimes on input line 44.
LaTeX Font Info:    Redeclaring math symbol \diamond on input line 45.
LaTeX Font Info:    Redeclaring math symbol \bullet on input line 46.
LaTeX Font Info:    Redeclaring math symbol \star on input line 47.
LaTeX Font Info:    Redeclaring math symbol \amalg on input line 51.
LaTeX Font Info:    Redeclaring math symbol \dotplus on input line 58.
LaTeX Font Info:    Redeclaring math symbol \square on input line 63.
LaTeX Font Info:    Redeclaring math symbol \divideontimes on input line 71.
LaTeX Font Info:    Redeclaring math symbol \bigstar on input line 75.
LaTeX Font Info:    Redeclaring math symbol \equiv on input line 83.
LaTeX Font Info:    Redeclaring math symbol \sim on input line 84.
LaTeX Font Info:    Redeclaring math symbol \approx on input line 85.
LaTeX Font Info:    Redeclaring math symbol \simeq on input line 86.
LaTeX Font Info:    Redeclaring math symbol \asymp on input line 89.
LaTeX Font Info:    Redeclaring math symbol \nsim on input line 97.
LaTeX Font Info:    Redeclaring math symbol \ncong on input line 100.
LaTeX Font Info:    Redeclaring math symbol \risingdotseq on input line 118.
LaTeX Font Info:    Redeclaring math symbol \fallingdotseq on input line 119.
LaTeX Font Info:    Redeclaring math symbol \circeq on input line 125.
LaTeX Font Info:    Redeclaring math symbol \eqcirc on input line 126.
LaTeX Font Info:    Redeclaring math symbol \triangleq on input line 127.
LaTeX Font Info:    Redeclaring math symbol \neg on input line 134.
LaTeX Font Info:    Redeclaring math symbol \ll on input line 136.
LaTeX Font Info:    Redeclaring math symbol \gg on input line 137.
LaTeX Font Info:    Redeclaring math symbol \vdash on input line 139.
LaTeX Font Info:    Redeclaring math symbol \dashv on input line 140.
LaTeX Font Info:    Redeclaring math symbol \nvdash on input line 141.
LaTeX Font Info:    Redeclaring math symbol \vDash on input line 143.
LaTeX Font Info:    Redeclaring math symbol \nvDash on input line 145.
LaTeX Font Info:    Redeclaring math symbol \Vdash on input line 147.
LaTeX Font Info:    Redeclaring math symbol \nVdash on input line 149.
LaTeX Font Info:    Redeclaring math symbol \flat on input line 158.
LaTeX Font Info:    Redeclaring math symbol \natural on input line 159.
LaTeX Font Info:    Redeclaring math symbol \sharp on input line 160.
LaTeX Font Info:    Redeclaring math symbol \infty on input line 161.
LaTeX Font Info:    Redeclaring math symbol \propto on input line 162.
LaTeX Font Info:    Redeclaring math symbol \dagger on input line 163.
LaTeX Font Info:    Redeclaring math symbol \ddagger on input line 164.
LaTeX Font Info:    Redeclaring math symbol \between on input line 170.
LaTeX Font Info:    Redeclaring math symbol \smile on input line 171.
LaTeX Font Info:    Redeclaring math symbol \frown on input line 172.
LaTeX Font Info:    Redeclaring math symbol \leftthreetimes on input line 174.
LaTeX Font Info:    Redeclaring math symbol \rightthreetimes on input line 175.
LaTeX Font Info:    Redeclaring math symbol \pitchfork on input line 176.
LaTeX Font Info:    Redeclaring math symbol \nVDash on input line 182.
LaTeX Font Info:    Redeclaring math symbol \Vvdash on input line 184.
LaTeX Font Info:    Redeclaring math symbol \therefore on input line 189.
LaTeX Font Info:    Redeclaring math symbol \because on input line 190.
LaTeX Font Info:    Redeclaring math accent \dot on input line 193.
LaTeX Font Info:    Redeclaring math accent \ddot on input line 195.
LaTeX Font Info:    Redeclaring math symbol \measuredangle on input line 202.
LaTeX Font Info:    Redeclaring math symbol \sphericalangle on input line 203.
LaTeX Font Info:    Redeclaring math symbol \setminus on input line 218.
LaTeX Font Info:    Redeclaring math symbol \mid on input line 222.
LaTeX Font Info:    Redeclaring math symbol \forall on input line 279.
LaTeX Font Info:    Redeclaring math symbol \complement on input line 280.
LaTeX Font Info:    Redeclaring math symbol \partial on input line 281.
LaTeX Font Info:    Redeclaring math symbol \exists on input line 284.
LaTeX Font Info:    Redeclaring math symbol \nexists on input line 285.
LaTeX Font Info:    Redeclaring math symbol \Finv on input line 286.
LaTeX Font Info:    Redeclaring math symbol \Game on input line 287.
LaTeX Font Info:    Redeclaring math symbol \emptyset on input line 288.
LaTeX Font Info:    Redeclaring math symbol \top on input line 290.
LaTeX Font Info:    Redeclaring math symbol \bot on input line 291.
LaTeX Font Info:    Redeclaring math symbol \perp on input line 292.
LaTeX Font Info:    Redeclaring math symbol \curlywedge on input line 296.
LaTeX Font Info:    Redeclaring math symbol \curlyvee on input line 297.
LaTeX Font Info:    Redeclaring math symbol \in on input line 299.
LaTeX Font Info:    Redeclaring math symbol \owns on input line 300.
LaTeX Font Info:    Redeclaring math symbol \cap on input line 312.
LaTeX Font Info:    Redeclaring math symbol \cup on input line 313.
LaTeX Font Info:    Redeclaring math symbol \uplus on input line 314.
LaTeX Font Info:    Redeclaring math symbol \sqcap on input line 315.
LaTeX Font Info:    Redeclaring math symbol \sqcup on input line 316.
LaTeX Font Info:    Redeclaring math symbol \wedge on input line 318.
LaTeX Font Info:    Redeclaring math symbol \vee on input line 320.
LaTeX Font Info:    Redeclaring math symbol \barwedge on input line 327.
LaTeX Font Info:    Redeclaring math symbol \veebar on input line 328.
LaTeX Font Info:    Redeclaring math symbol \doublebarwedge on input line 329.
LaTeX Font Info:    Redeclaring math symbol \doublecap on input line 331.
LaTeX Font Info:    Redeclaring math symbol \doublecup on input line 333.
LaTeX Font Info:    Redeclaring math symbol \subset on input line 344.
LaTeX Font Info:    Redeclaring math symbol \supset on input line 345.
LaTeX Font Info:    Redeclaring math symbol \subseteq on input line 348.
LaTeX Font Info:    Redeclaring math symbol \supseteq on input line 349.
LaTeX Font Info:    Redeclaring math symbol \nsubseteq on input line 350.
LaTeX Font Info:    Redeclaring math symbol \nsupseteq on input line 351.
LaTeX Font Info:    Redeclaring math symbol \subsetneq on input line 352.
LaTeX Font Info:    Redeclaring math symbol \supsetneq on input line 353.
LaTeX Font Info:    Redeclaring math symbol \varsubsetneq on input line 354.
LaTeX Font Info:    Redeclaring math symbol \varsupsetneq on input line 355.
LaTeX Font Info:    Redeclaring math symbol \subseteqq on input line 357.
LaTeX Font Info:    Redeclaring math symbol \supseteqq on input line 358.
LaTeX Font Info:    Redeclaring math symbol \nsubseteqq on input line 359.
LaTeX Font Info:    Redeclaring math symbol \nsupseteqq on input line 360.
LaTeX Font Info:    Redeclaring math symbol \subsetneqq on input line 361.
LaTeX Font Info:    Redeclaring math symbol \supsetneqq on input line 362.
LaTeX Font Info:    Redeclaring math symbol \varsubsetneqq on input line 363.
LaTeX Font Info:    Redeclaring math symbol \varsupsetneqq on input line 364.
LaTeX Font Info:    Redeclaring math symbol \Subset on input line 366.
LaTeX Font Info:    Redeclaring math symbol \Supset on input line 367.
LaTeX Font Info:    Redeclaring math symbol \sqsubseteq on input line 380.
LaTeX Font Info:    Redeclaring math symbol \sqsupseteq on input line 381.
LaTeX Font Info:    Redeclaring math symbol \triangleleft on input line 407.
LaTeX Font Info:    Redeclaring math symbol \vartriangleleft on input line 408.
LaTeX Font Info:    Redeclaring math symbol \triangleright on input line 409.
LaTeX Font Info:    Redeclaring math symbol \vartriangleright on input line 410.
LaTeX Font Info:    Redeclaring math symbol \ntriangleleft on input line 411.
LaTeX Font Info:    Redeclaring math symbol \ntriangleright on input line 412.
LaTeX Font Info:    Redeclaring math symbol \trianglelefteq on input line 413.
LaTeX Font Info:    Redeclaring math symbol \trianglerighteq on input line 414.
LaTeX Font Info:    Redeclaring math symbol \ntrianglelefteq on input line 415.
LaTeX Font Info:    Redeclaring math symbol \ntrianglerighteq on input line 416.
LaTeX Font Info:    Redeclaring math symbol \blacktriangledown on input line 427.
LaTeX Font Info:    Redeclaring math symbol \blacktriangleleft on input line 428.
LaTeX Font Info:    Redeclaring math symbol \blacktriangleright on input line 429.
LaTeX Font Info:    Redeclaring math symbol \nless on input line 437.
LaTeX Font Info:    Redeclaring math symbol \ngtr on input line 438.
LaTeX Font Info:    Redeclaring math symbol \leq on input line 439.
LaTeX Font Info:    Redeclaring math symbol \geq on input line 441.
LaTeX Font Info:    Redeclaring math symbol \nleq on input line 443.
LaTeX Font Info:    Redeclaring math symbol \ngeq on input line 445.
LaTeX Font Info:    Redeclaring math symbol \lneq on input line 451.
LaTeX Font Info:    Redeclaring math symbol \gneq on input line 452.
LaTeX Font Info:    Redeclaring math symbol \leqq on input line 453.
LaTeX Font Info:    Redeclaring math symbol \geqq on input line 454.
LaTeX Font Info:    Redeclaring math symbol \nleqq on input line 455.
LaTeX Font Info:    Redeclaring math symbol \ngeqq on input line 456.
LaTeX Font Info:    Redeclaring math symbol \lneqq on input line 457.
LaTeX Font Info:    Redeclaring math symbol \gneqq on input line 458.
LaTeX Font Info:    Redeclaring math symbol \lvertneqq on input line 459.
LaTeX Font Info:    Redeclaring math symbol \gvertneqq on input line 460.
LaTeX Font Info:    Redeclaring math symbol \eqslantless on input line 461.
LaTeX Font Info:    Redeclaring math symbol \eqslantgtr on input line 462.
LaTeX Font Info:    Redeclaring math symbol \lessgtr on input line 465.
LaTeX Font Info:    Redeclaring math symbol \gtrless on input line 466.
LaTeX Font Info:    Redeclaring math symbol \lesseqgtr on input line 467.
LaTeX Font Info:    Redeclaring math symbol \gtreqless on input line 468.
LaTeX Font Info:    Redeclaring math symbol \lesseqqgtr on input line 469.
LaTeX Font Info:    Redeclaring math symbol \gtreqqless on input line 470.
LaTeX Font Info:    Redeclaring math symbol \lesssim on input line 472.
LaTeX Font Info:    Redeclaring math symbol \gtrsim on input line 473.
LaTeX Font Info:    Redeclaring math symbol \lnsim on input line 476.
LaTeX Font Info:    Redeclaring math symbol \gnsim on input line 477.
LaTeX Font Info:    Redeclaring math symbol \lessapprox on input line 478.
LaTeX Font Info:    Redeclaring math symbol \gtrapprox on input line 479.
LaTeX Font Info:    Redeclaring math symbol \lnapprox on input line 482.
LaTeX Font Info:    Redeclaring math symbol \gnapprox on input line 483.
LaTeX Font Info:    Redeclaring math symbol \lessdot on input line 485.
LaTeX Font Info:    Redeclaring math symbol \gtrdot on input line 486.
LaTeX Font Info:    Redeclaring math symbol \lll on input line 488.
LaTeX Font Info:    Redeclaring math symbol \ggg on input line 489.
LaTeX Font Info:    Redeclaring math symbol \prec on input line 498.
LaTeX Font Info:    Redeclaring math symbol \succ on input line 499.
LaTeX Font Info:    Redeclaring math symbol \nprec on input line 500.
LaTeX Font Info:    Redeclaring math symbol \nsucc on input line 501.
LaTeX Font Info:    Redeclaring math symbol \preccurlyeq on input line 502.
LaTeX Font Info:    Redeclaring math symbol \succcurlyeq on input line 503.
LaTeX Font Info:    Redeclaring math symbol \preceq on input line 506.
LaTeX Font Info:    Redeclaring math symbol \succeq on input line 507.
LaTeX Font Info:    Redeclaring math symbol \npreceq on input line 508.
LaTeX Font Info:    Redeclaring math symbol \nsucceq on input line 509.
LaTeX Font Info:    Redeclaring math symbol \curlyeqprec on input line 512.
LaTeX Font Info:    Redeclaring math symbol \curlyeqsucc on input line 513.
LaTeX Font Info:    Redeclaring math symbol \precsim on input line 517.
LaTeX Font Info:    Redeclaring math symbol \succsim on input line 518.
LaTeX Font Info:    Redeclaring math symbol \precnsim on input line 521.
LaTeX Font Info:    Redeclaring math symbol \succnsim on input line 522.
LaTeX Font Info:    Redeclaring math symbol \precapprox on input line 523.
LaTeX Font Info:    Redeclaring math symbol \succapprox on input line 524.
LaTeX Font Info:    Redeclaring math symbol \precnapprox on input line 527.
LaTeX Font Info:    Redeclaring math symbol \succnapprox on input line 528.
LaTeX Font Info:    Redeclaring math symbol \leftarrow on input line 540.
LaTeX Font Info:    Redeclaring math symbol \rightarrow on input line 542.
LaTeX Font Info:    Redeclaring math symbol \nwarrow on input line 546.
LaTeX Font Info:    Redeclaring math symbol \nearrow on input line 547.
LaTeX Font Info:    Redeclaring math symbol \swarrow on input line 548.
LaTeX Font Info:    Redeclaring math symbol \searrow on input line 549.
LaTeX Font Info:    Redeclaring math symbol \leftrightarrow on input line 550.
LaTeX Font Info:    Redeclaring math symbol \nleftarrow on input line 552.
LaTeX Font Info:    Redeclaring math symbol \nrightarrow on input line 553.
LaTeX Font Info:    Redeclaring math symbol \nleftrightarrow on input line 554.
LaTeX Font Info:    Redeclaring math symbol \mapstochar on input line 557.
LaTeX Font Info:    Redeclaring math symbol \leftharpoonup on input line 560.
LaTeX Font Info:    Redeclaring math symbol \rightharpoonup on input line 561.
LaTeX Font Info:    Redeclaring math symbol \leftharpoondown on input line 562.
LaTeX Font Info:    Redeclaring math symbol \rightharpoondown on input line 563.
LaTeX Font Info:    Redeclaring math symbol \upharpoonleft on input line 564.
LaTeX Font Info:    Redeclaring math symbol \downharpoonleft on input line 565.
LaTeX Font Info:    Redeclaring math symbol \upharpoonright on input line 566.
LaTeX Font Info:    Redeclaring math symbol \restriction on input line 567.
LaTeX Font Info:    Redeclaring math symbol \downharpoonright on input line 568.
LaTeX Font Info:    Redeclaring math symbol \leftrightharpoons on input line 569.
LaTeX Font Info:    Redeclaring math symbol \Leftarrow on input line 575.
LaTeX Font Info:    Redeclaring math symbol \Rightarrow on input line 576.
LaTeX Font Info:    Redeclaring math symbol \Leftrightarrow on input line 579.
LaTeX Font Info:    Redeclaring math symbol \nLeftarrow on input line 581.
LaTeX Font Info:    Redeclaring math symbol \nRightarrow on input line 582.
LaTeX Font Info:    Redeclaring math symbol \nLeftrightarrow on input line 583.
LaTeX Font Info:    Redeclaring math symbol \leftleftarrows on input line 593.
LaTeX Font Info:    Redeclaring math symbol \rightrightarrows on input line 594.
LaTeX Font Info:    Redeclaring math symbol \upuparrows on input line 595.
LaTeX Font Info:    Redeclaring math symbol \downdownarrows on input line 596.
LaTeX Font Info:    Redeclaring math symbol \leftrightarrows on input line 597.
LaTeX Font Info:    Redeclaring math symbol \rightleftarrows on input line 598.
LaTeX Font Info:    Redeclaring math symbol \rhook on input line 612.
LaTeX Font Info:    Redeclaring math symbol \lhook on input line 613.
LaTeX Font Info:    Redeclaring math symbol \diagup on input line 614.
LaTeX Font Info:    Redeclaring math symbol \diagdown on input line 615.
LaTeX Font Info:    Redeclaring math symbol \Lsh on input line 617.
LaTeX Font Info:    Redeclaring math symbol \Rsh on input line 619.
LaTeX Font Info:    Redeclaring math symbol \looparrowleft on input line 624.
LaTeX Font Info:    Redeclaring math symbol \looparrowright on input line 626.
LaTeX Font Info:    Redeclaring math symbol \curvearrowleft on input line 631.
LaTeX Font Info:    Redeclaring math symbol \curvearrowright on input line 633.
LaTeX Font Info:    Redeclaring math symbol \circlearrowleft on input line 641.
LaTeX Font Info:    Redeclaring math symbol \circlearrowright on input line 642.
LaTeX Font Info:    Redeclaring math symbol \rightsquigarrow on input line 645.
LaTeX Font Info:    Redeclaring math symbol \leftrightsquigarrow on input line 646.
LaTeX Font Info:    Redeclaring math symbol \oplus on input line 658.
LaTeX Font Info:    Redeclaring math symbol \ominus on input line 659.
LaTeX Font Info:    Redeclaring math symbol \otimes on input line 661.
LaTeX Font Info:    Redeclaring math symbol \odot on input line 663.
LaTeX Font Info:    Redeclaring math symbol \oslash on input line 675.
LaTeX Font Info:    Redeclaring math symbol \boxplus on input line 683.
LaTeX Font Info:    Redeclaring math symbol \boxminus on input line 684.
LaTeX Font Info:    Redeclaring math symbol \boxtimes on input line 686.
LaTeX Font Info:    Redeclaring math symbol \boxdot on input line 688.
\mayacnter=\count374
\mayacnta=\count375
\mayacntb=\count376
\mayacntc=\count377
\mayawidth=\dimen302
LaTeX Font Info:    Redeclaring math symbol \intop on input line 753.
LaTeX Font Info:    Redeclaring math symbol \ointop on input line 760.
LaTeX Font Info:    Redeclaring math delimiter \lbrace on input line 842.
LaTeX Info: Redefining \{ on input line 846.
LaTeX Font Info:    Redeclaring math delimiter \rbrace on input line 848.
LaTeX Info: Redefining \} on input line 852.
LaTeX Font Info:    Redeclaring math delimiter \langle on input line 858.
LaTeX Font Info:    Redeclaring math delimiter \rangle on input line 859.
LaTeX Font Info:    Redeclaring math delimiter \vert on input line 863.
LaTeX Font Info:    Redeclaring math delimiter \Vert on input line 865.
LaTeX Font Info:    Redeclaring math delimiter \uparrow on input line 868.
LaTeX Font Info:    Redeclaring math delimiter \downarrow on input line 869.
LaTeX Font Info:    Redeclaring math delimiter \updownarrow on input line 870.
LaTeX Font Info:    Redeclaring math delimiter \Uparrow on input line 871.
LaTeX Font Info:    Redeclaring math delimiter \Downarrow on input line 872.
LaTeX Font Info:    Redeclaring math delimiter \Updownarrow on input line 873.
LaTeX Font Info:    Redeclaring math delimiter \lgroup on input line 880.
LaTeX Font Info:    Redeclaring math delimiter \rgroup on input line 881.
LaTeX Font Info:    Redeclaring math delimiter \lceil on input line 882.
LaTeX Font Info:    Redeclaring math delimiter \rceil on input line 883.
LaTeX Font Info:    Redeclaring math delimiter \lfloor on input line 884.
LaTeX Font Info:    Redeclaring math delimiter \rfloor on input line 885.
LaTeX Font Info:    Redeclaring math symbol \braceld on input line 903.
LaTeX Font Info:    Redeclaring math symbol \bracerd on input line 905.
LaTeX Font Info:    Redeclaring math symbol \bracelu on input line 907.
LaTeX Font Info:    Redeclaring math symbol \braceru on input line 909.
LaTeX Font Info:    Redeclaring math accent \widehat on input line 944.
LaTeX Font Info:    Redeclaring math accent \widetilde on input line 946.
)) (C:\Users\bnola\AppData\Local\Programs\MiKTeX\tex/generic/soul\soul.sty
Package: soul 2023-06-14 v3.1 Permit use of UTF-8 characters in soul (HO)
 (C:\Users\bnola\AppData\Local\Programs\MiKTeX\tex/generic/soul\soul-ori.sty
Package: soul-ori 2023-06-14 v3.1 letterspacing/underlining (mf)
\SOUL@word=\toks46
\SOUL@lasttoken=\toks47
\SOUL@syllable=\toks48
\SOUL@cmds=\toks49
\SOUL@buffer=\toks50
\SOUL@token=\toks51
\SOUL@syllgoal=\dimen303
\SOUL@syllwidth=\dimen304
\SOUL@charkern=\dimen305
\SOUL@hyphkern=\dimen306
\SOUL@dimen=\dimen307
\SOUL@dimeni=\dimen308
\SOUL@minus=\count378
\SOUL@comma=\count379
\SOUL@apo=\count380
\SOUL@grave=\count381
\SOUL@spaceskip=\skip90
\SOUL@ttwidth=\dimen309
\SOUL@uldp=\dimen310
\SOUL@ulht=\dimen311
) (C:\Users\bnola\AppData\Local\Programs\MiKTeX\tex/generic/etexcmds\etexcmds.sty
Package: etexcmds 2019/12/15 v1.7 Avoid name clashes with e-TeX commands (HO)
)) (C:\Users\bnola\AppData\Local\Programs\MiKTeX\tex/latex/multirow\multirow.sty
Package: multirow 2024/11/12 v2.9 Span multiple rows of a table
\multirow@colwidth=\skip91
\multirow@cntb=\count382
\multirow@dima=\skip92
\bigstrutjot=\dimen312
) (C:\Users\bnola\AppData\Local\Programs\MiKTeX\tex/latex/lastpage\lastpage.sty
Package: lastpage 2025/08/14 v2.1h lastpage: 2.09 or 2e? (HMM)
 (C:\Users\bnola\AppData\Local\Programs\MiKTeX\tex/latex/lastpage\lastpage2e.sty
Package: lastpage2e 2025/08/14 v2.1h Decide which 2e lastpage version to use (HMM)
 (C:\Users\bnola\AppData\Local\Programs\MiKTeX\tex/latex/lastpage\lastpagemodern.sty
Package: lastpagemodern 2025-08-14 v2.1h Refers to last page's name (HMM; JPG)
\c@lastpagecount=\count383
) 
)) (C:\Users\bnola\AppData\Local\Programs\MiKTeX\tex/latex/nopageno\nopageno.sty
Package: nopageno 1989/01/01 no page numbers (DPC)
) (C:\Users\bnola\AppData\Local\Programs\MiKTeX\tex/latex/wrapfig\wrapfig.sty
\wrapoverhang=\dimen313
\WF@size=\dimen314
\c@WF@wrappedlines=\count384
\WF@box=\box94
\WF@everypar=\toks52
Package: wrapfig 2003/01/31  v 3.6
) (C:\Users\bnola\AppData\Local\Programs\MiKTeX\tex/latex/colortbl\colortbl.sty
Package: colortbl 2024/10/29 v1.0k Color table columns (DPC)
\everycr=\toks53
\minrowclearance=\skip93
\rownum=\count385
) (C:\Users\bnola\AppData\Local\Programs\MiKTeX\tex/latex/sectsty\sectsty.sty
Package: sectsty 2002/02/25 v2.0.2 Commands to change all sectional heading styles


LaTeX Warning: Command \underbar  has changed.
               Check if current package is valid.


LaTeX Warning: Command \underline  has changed.
               Check if current package is valid.

) (C:\Users\bnola\AppData\Local\Programs\MiKTeX\tex/latex/comment\comment.sty
\CommentStream=\write4
 Excluding comment 'comment') (C:\Users\bnola\AppData\Local\Programs\MiKTeX\tex/latex/tools\indentfirst.sty
Package: indentfirst 2023/07/02 v1.03 Indent first paragraph (DPC)
) (C:\Users\bnola\AppData\Local\Programs\MiKTeX\tex/latex/titlesec\titlesec.sty
Package: titlesec 2025/01/04 v2.17 Sectioning titles
\ttl@box=\box95
\beforetitleunit=\skip94
\aftertitleunit=\skip95
\ttl@plus=\dimen315
\ttl@minus=\dimen316
\ttl@toksa=\toks54
\titlewidth=\dimen317
\titlewidthlast=\dimen318
\titlewidthfirst=\dimen319
) (C:\Users\bnola\AppData\Local\Programs\MiKTeX\tex/latex/caption\caption.sty
Package: caption 2023/08/05 v3.6o Customizing captions (AR)
 (C:\Users\bnola\AppData\Local\Programs\MiKTeX\tex/latex/caption\caption3.sty
Package: caption3 2023/07/31 v2.4d caption3 kernel (AR)
\caption@tempdima=\dimen320
\captionmargin=\dimen321
\caption@leftmargin=\dimen322
\caption@rightmargin=\dimen323
\caption@width=\dimen324
\caption@indent=\dimen325
\caption@parindent=\dimen326
\caption@hangindent=\dimen327
Package caption Info: Standard document class detected.
Package caption Info: french babel package is loaded.
)
\c@caption@flags=\count386
\c@continuedfloat=\count387
Package caption Info: float package is loaded.
Package caption Info: hyperref package is loaded.
Package caption Info: listings package is loaded.
Package caption Info: longtable package is loaded.
 (C:\Users\bnola\AppData\Local\Programs\MiKTeX\tex/latex/caption\ltcaption.sty
Package: ltcaption 2021/01/08 v1.4c longtable captions (AR)
)
Package caption Info: picinpar package is loaded.
Package caption Info: wrapfig package is loaded.
) (C:\Users\bnola\AppData\Local\Programs\MiKTeX\tex/latex/caption\subcaption.sty
Package: subcaption 2023/07/28 v1.6b Sub-captions (AR)
Package caption Info: New subtype `subfigure' on input line 238.
\c@subfigure=\count388
Package caption Info: New subtype `subtable' on input line 238.
\c@subtable=\count389
) (C:\Users\bnola\AppData\Local\Programs\MiKTeX\tex/latex/tocloft\tocloft.sty
Package: tocloft 2017/08/31 v2.3i parameterised ToC, etc., typesetting
Package tocloft Info: The document has section divisions on input line 51.
\cftparskip=\skip96
\cftbeforetoctitleskip=\skip97
\cftaftertoctitleskip=\skip98
\cftbeforepartskip=\skip99
\cftpartnumwidth=\skip100
\cftpartindent=\skip101
\cftbeforesecskip=\skip102
\cftsecindent=\skip103
\cftsecnumwidth=\skip104
\cftbeforesubsecskip=\skip105
\cftsubsecindent=\skip106
\cftsubsecnumwidth=\skip107
\cftbeforesubsubsecskip=\skip108
\cftsubsubsecindent=\skip109
\cftsubsubsecnumwidth=\skip110
\cftbeforeparaskip=\skip111
\cftparaindent=\skip112
\cftparanumwidth=\skip113
\cftbeforesubparaskip=\skip114
\cftsubparaindent=\skip115
\cftsubparanumwidth=\skip116
\cftbeforeloftitleskip=\skip117
\cftafterloftitleskip=\skip118
\cftbeforefigskip=\skip119
\cftfigindent=\skip120
\cftfignumwidth=\skip121
\c@lofdepth=\count390
\c@lotdepth=\count391
\cftbeforelottitleskip=\skip122
\cftafterlottitleskip=\skip123
\cftbeforetabskip=\skip124
\cfttabindent=\skip125
\cfttabnumwidth=\skip126
) (C:\Users\bnola\AppData\Local\Programs\MiKTeX\tex/latex/pgf/basiclayer\pgf.sty (C:\Users\bnola\AppData\Local\Programs\MiKTeX\tex/latex/pgf/utilities\pgfrcs.sty (C:\Users\bnola\AppData\Local\Programs\MiKTeX\tex/generic/pgf/utilities\pgfutil-common.tex
\pgfutil@everybye=\toks55
\pgfutil@tempdima=\dimen328
\pgfutil@tempdimb=\dimen329
) (C:\Users\bnola\AppData\Local\Programs\MiKTeX\tex/generic/pgf/utilities\pgfutil-latex.def
\pgfutil@abb=\box96
) (C:\Users\bnola\AppData\Local\Programs\MiKTeX\tex/generic/pgf/utilities\pgfrcs.code.tex (C:\Users\bnola\AppData\Local\Programs\MiKTeX\tex/generic/pgf\pgf.revision.tex)
Package: pgfrcs 2025-08-29 v3.1.11a (3.1.11a)
))
Package: pgf 2025-08-29 v3.1.11a (3.1.11a)
 (C:\Users\bnola\AppData\Local\Programs\MiKTeX\tex/latex/pgf/basiclayer\pgfcore.sty (C:\Users\bnola\AppData\Local\Programs\MiKTeX\tex/latex/pgf/systemlayer\pgfsys.sty (C:\Users\bnola\AppData\Local\Programs\MiKTeX\tex/generic/pgf/systemlayer\pgfsys.code.tex
Package: pgfsys 2025-08-29 v3.1.11a (3.1.11a)
 (C:\Users\bnola\AppData\Local\Programs\MiKTeX\tex/generic/pgf/utilities\pgfkeys.code.tex
\pgfkeys@pathtoks=\toks56
\pgfkeys@temptoks=\toks57
 (C:\Users\bnola\AppData\Local\Programs\MiKTeX\tex/generic/pgf/utilities\pgfkeyslibraryfiltered.code.tex
\pgfkeys@tmptoks=\toks58
))
\pgf@x=\dimen330
\pgf@y=\dimen331
\pgf@xa=\dimen332
\pgf@ya=\dimen333
\pgf@xb=\dimen334
\pgf@yb=\dimen335
\pgf@xc=\dimen336
\pgf@yc=\dimen337
\pgf@xd=\dimen338
\pgf@yd=\dimen339
\w@pgf@writea=\write5
\r@pgf@reada=\read4
\c@pgf@counta=\count392
\c@pgf@countb=\count393
\c@pgf@countc=\count394
\c@pgf@countd=\count395
\t@pgf@toka=\toks59
\t@pgf@tokb=\toks60
\t@pgf@tokc=\toks61
\pgf@sys@id@count=\count396
 (C:\Users\bnola\AppData\Local\Programs\MiKTeX\tex/generic/pgf/systemlayer\pgf.cfg
File: pgf.cfg 2025-08-29 v3.1.11a (3.1.11a)
)
Driver file for pgf: pgfsys-pdftex.def
 (C:\Users\bnola\AppData\Local\Programs\MiKTeX\tex/generic/pgf/systemlayer\pgfsys-pdftex.def
File: pgfsys-pdftex.def 2025-08-29 v3.1.11a (3.1.11a)
 (C:\Users\bnola\AppData\Local\Programs\MiKTeX\tex/generic/pgf/systemlayer\pgfsys-common-pdf.def
File: pgfsys-common-pdf.def 2025-08-29 v3.1.11a (3.1.11a)
))) (C:\Users\bnola\AppData\Local\Programs\MiKTeX\tex/generic/pgf/systemlayer\pgfsyssoftpath.code.tex
File: pgfsyssoftpath.code.tex 2025-08-29 v3.1.11a (3.1.11a)
\pgfsyssoftpath@smallbuffer@items=\count397
\pgfsyssoftpath@bigbuffer@items=\count398
) (C:\Users\bnola\AppData\Local\Programs\MiKTeX\tex/generic/pgf/systemlayer\pgfsysprotocol.code.tex
File: pgfsysprotocol.code.tex 2025-08-29 v3.1.11a (3.1.11a)
)) (C:\Users\bnola\AppData\Local\Programs\MiKTeX\tex/generic/pgf/basiclayer\pgfcore.code.tex
Package: pgfcore 2025-08-29 v3.1.11a (3.1.11a)
 (C:\Users\bnola\AppData\Local\Programs\MiKTeX\tex/generic/pgf/math\pgfmath.code.tex (C:\Users\bnola\AppData\Local\Programs\MiKTeX\tex/generic/pgf/math\pgfmathutil.code.tex) (C:\Users\bnola\AppData\Local\Programs\MiKTeX\tex/generic/pgf/math\pgfmathparser.code.tex
\pgfmath@dimen=\dimen340
\pgfmath@count=\count399
\pgfmath@box=\box97
\pgfmath@toks=\toks62
\pgfmath@stack@operand=\toks63
\pgfmath@stack@operation=\toks64
) (C:\Users\bnola\AppData\Local\Programs\MiKTeX\tex/generic/pgf/math\pgfmathfunctions.code.tex) (C:\Users\bnola\AppData\Local\Programs\MiKTeX\tex/generic/pgf/math\pgfmathfunctions.basic.code.tex) (C:\Users\bnola\AppData\Local\Programs\MiKTeX\tex/generic/pgf/math\pgfmathfunctions.trigonometric.code.tex) (C:\Users\bnola\AppData\Local\Programs\MiKTeX\tex/generic/pgf/math\pgfmathfunctions.random.code.tex) (C:\Users\bnola\AppData\Local\Programs\MiKTeX\tex/generic/pgf/math\pgfmathfunctions.comparison.code.tex) (C:\Users\bnola\AppData\Local\Programs\MiKTeX\tex/generic/pgf/math\pgfmathfunctions.base.code.tex) (C:\Users\bnola\AppData\Local\Programs\MiKTeX\tex/generic/pgf/math\pgfmathfunctions.round.code.tex) (C:\Users\bnola\AppData\Local\Programs\MiKTeX\tex/generic/pgf/math\pgfmathfunctions.misc.code.tex) (C:\Users\bnola\AppData\Local\Programs\MiKTeX\tex/generic/pgf/math\pgfmathfunctions.integerarithmetics.code.tex) (C:\Users\bnola\AppData\Local\Programs\MiKTeX\tex/generic/pgf/math\pgfmathcalc.code.tex) (C:\Users\bnola\AppData\Local\Programs\MiKTeX\tex/generic/pgf/math\pgfmathfloat.code.tex
\c@pgfmathroundto@lastzeros=\count400
)) (C:\Users\bnola\AppData\Local\Programs\MiKTeX\tex/generic/pgf/math\pgfint.code.tex) (C:\Users\bnola\AppData\Local\Programs\MiKTeX\tex/generic/pgf/basiclayer\pgfcorepoints.code.tex
File: pgfcorepoints.code.tex 2025-08-29 v3.1.11a (3.1.11a)
\pgf@picminx=\dimen341
\pgf@picmaxx=\dimen342
\pgf@picminy=\dimen343
\pgf@picmaxy=\dimen344
\pgf@pathminx=\dimen345
\pgf@pathmaxx=\dimen346
\pgf@pathminy=\dimen347
\pgf@pathmaxy=\dimen348
\pgf@xx=\dimen349
\pgf@xy=\dimen350
\pgf@yx=\dimen351
\pgf@yy=\dimen352
\pgf@zx=\dimen353
\pgf@zy=\dimen354
) (C:\Users\bnola\AppData\Local\Programs\MiKTeX\tex/generic/pgf/basiclayer\pgfcorepathconstruct.code.tex
File: pgfcorepathconstruct.code.tex 2025-08-29 v3.1.11a (3.1.11a)
\pgf@path@lastx=\dimen355
\pgf@path@lasty=\dimen356
) (C:\Users\bnola\AppData\Local\Programs\MiKTeX\tex/generic/pgf/basiclayer\pgfcorepathusage.code.tex
File: pgfcorepathusage.code.tex 2025-08-29 v3.1.11a (3.1.11a)
\pgf@shorten@end@additional=\dimen357
\pgf@shorten@start@additional=\dimen358
) (C:\Users\bnola\AppData\Local\Programs\MiKTeX\tex/generic/pgf/basiclayer\pgfcorescopes.code.tex
File: pgfcorescopes.code.tex 2025-08-29 v3.1.11a (3.1.11a)
\pgfpic=\box98
\pgf@hbox=\box99
\pgf@layerbox@main=\box100
\pgf@picture@serial@count=\count401
) (C:\Users\bnola\AppData\Local\Programs\MiKTeX\tex/generic/pgf/basiclayer\pgfcoregraphicstate.code.tex
File: pgfcoregraphicstate.code.tex 2025-08-29 v3.1.11a (3.1.11a)
\pgflinewidth=\dimen359
) (C:\Users\bnola\AppData\Local\Programs\MiKTeX\tex/generic/pgf/basiclayer\pgfcoretransformations.code.tex
File: pgfcoretransformations.code.tex 2025-08-29 v3.1.11a (3.1.11a)
\pgf@pt@x=\dimen360
\pgf@pt@y=\dimen361
\pgf@pt@temp=\dimen362
) (C:\Users\bnola\AppData\Local\Programs\MiKTeX\tex/generic/pgf/basiclayer\pgfcorequick.code.tex
File: pgfcorequick.code.tex 2025-08-29 v3.1.11a (3.1.11a)
) (C:\Users\bnola\AppData\Local\Programs\MiKTeX\tex/generic/pgf/basiclayer\pgfcoreobjects.code.tex
File: pgfcoreobjects.code.tex 2025-08-29 v3.1.11a (3.1.11a)
) (C:\Users\bnola\AppData\Local\Programs\MiKTeX\tex/generic/pgf/basiclayer\pgfcorepathprocessing.code.tex
File: pgfcorepathprocessing.code.tex 2025-08-29 v3.1.11a (3.1.11a)
) (C:\Users\bnola\AppData\Local\Programs\MiKTeX\tex/generic/pgf/basiclayer\pgfcorearrows.code.tex
File: pgfcorearrows.code.tex 2025-08-29 v3.1.11a (3.1.11a)
\pgfarrowsep=\dimen363
) (C:\Users\bnola\AppData\Local\Programs\MiKTeX\tex/generic/pgf/basiclayer\pgfcoreshade.code.tex
File: pgfcoreshade.code.tex 2025-08-29 v3.1.11a (3.1.11a)
\pgf@max=\dimen364
\pgf@sys@shading@range@num=\count402
\pgf@shadingcount=\count403
) (C:\Users\bnola\AppData\Local\Programs\MiKTeX\tex/generic/pgf/basiclayer\pgfcoreimage.code.tex
File: pgfcoreimage.code.tex 2025-08-29 v3.1.11a (3.1.11a)
) (C:\Users\bnola\AppData\Local\Programs\MiKTeX\tex/generic/pgf/basiclayer\pgfcoreexternal.code.tex
File: pgfcoreexternal.code.tex 2025-08-29 v3.1.11a (3.1.11a)
\pgfexternal@startupbox=\box101
) (C:\Users\bnola\AppData\Local\Programs\MiKTeX\tex/generic/pgf/basiclayer\pgfcorelayers.code.tex
File: pgfcorelayers.code.tex 2025-08-29 v3.1.11a (3.1.11a)
) (C:\Users\bnola\AppData\Local\Programs\MiKTeX\tex/generic/pgf/basiclayer\pgfcoretransparency.code.tex
File: pgfcoretransparency.code.tex 2025-08-29 v3.1.11a (3.1.11a)
) (C:\Users\bnola\AppData\Local\Programs\MiKTeX\tex/generic/pgf/basiclayer\pgfcorepatterns.code.tex
File: pgfcorepatterns.code.tex 2025-08-29 v3.1.11a (3.1.11a)
) (C:\Users\bnola\AppData\Local\Programs\MiKTeX\tex/generic/pgf/basiclayer\pgfcorerdf.code.tex
File: pgfcorerdf.code.tex 2025-08-29 v3.1.11a (3.1.11a)
))) (C:\Users\bnola\AppData\Local\Programs\MiKTeX\tex/generic/pgf/modules\pgfmoduleshapes.code.tex
File: pgfmoduleshapes.code.tex 2025-08-29 v3.1.11a (3.1.11a)
\pgfnodeparttextbox=\box102
) (C:\Users\bnola\AppData\Local\Programs\MiKTeX\tex/generic/pgf/modules\pgfmoduleplot.code.tex
File: pgfmoduleplot.code.tex 2025-08-29 v3.1.11a (3.1.11a)
) (C:\Users\bnola\AppData\Local\Programs\MiKTeX\tex/latex/pgf/compatibility\pgfcomp-version-0-65.sty
Package: pgfcomp-version-0-65 2025-08-29 v3.1.11a (3.1.11a)
\pgf@nodesepstart=\dimen365
\pgf@nodesepend=\dimen366
) (C:\Users\bnola\AppData\Local\Programs\MiKTeX\tex/latex/pgf/compatibility\pgfcomp-version-1-18.sty
Package: pgfcomp-version-1-18 2025-08-29 v3.1.11a (3.1.11a)
)) (C:\Users\bnola\AppData\Local\Programs\MiKTeX\tex/latex/pgf/frontendlayer\tikz.sty (C:\Users\bnola\AppData\Local\Programs\MiKTeX\tex/latex/pgf/utilities\pgffor.sty (C:\Users\bnola\AppData\Local\Programs\MiKTeX\tex/latex/pgf/utilities\pgfkeys.sty (C:\Users\bnola\AppData\Local\Programs\MiKTeX\tex/generic/pgf/utilities\pgfkeys.code.tex)) (C:\Users\bnola\AppData\Local\Programs\MiKTeX\tex/latex/pgf/math\pgfmath.sty (C:\Users\bnola\AppData\Local\Programs\MiKTeX\tex/generic/pgf/math\pgfmath.code.tex)) (C:\Users\bnola\AppData\Local\Programs\MiKTeX\tex/generic/pgf/utilities\pgffor.code.tex
Package: pgffor 2025-08-29 v3.1.11a (3.1.11a)
\pgffor@iter=\dimen367
\pgffor@skip=\dimen368
\pgffor@stack=\toks65
\pgffor@toks=\toks66
)) (C:\Users\bnola\AppData\Local\Programs\MiKTeX\tex/generic/pgf/frontendlayer/tikz\tikz.code.tex
Package: tikz 2025-08-29 v3.1.11a (3.1.11a)
 (C:\Users\bnola\AppData\Local\Programs\MiKTeX\tex/generic/pgf/libraries\pgflibraryplothandlers.code.tex
File: pgflibraryplothandlers.code.tex 2025-08-29 v3.1.11a (3.1.11a)
\pgf@plot@mark@count=\count404
\pgfplotmarksize=\dimen369
)
\tikz@lastx=\dimen370
\tikz@lasty=\dimen371
\tikz@lastxsaved=\dimen372
\tikz@lastysaved=\dimen373
\tikz@lastmovetox=\dimen374
\tikz@lastmovetoy=\dimen375
\tikzleveldistance=\dimen376
\tikzsiblingdistance=\dimen377
\tikz@figbox=\box103
\tikz@figbox@bg=\box104
\tikz@tempbox=\box105
\tikz@tempbox@bg=\box106
\tikztreelevel=\count405
\tikznumberofchildren=\count406
\tikznumberofcurrentchild=\count407
\tikz@fig@count=\count408
 (C:\Users\bnola\AppData\Local\Programs\MiKTeX\tex/generic/pgf/modules\pgfmodulematrix.code.tex
File: pgfmodulematrix.code.tex 2025-08-29 v3.1.11a (3.1.11a)
\pgfmatrixcurrentrow=\count409
\pgfmatrixcurrentcolumn=\count410
\pgf@matrix@numberofcolumns=\count411
)
\tikz@expandcount=\count412
 (C:\Users\bnola\AppData\Local\Programs\MiKTeX\tex/generic/pgf/frontendlayer/tikz/libraries\tikzlibrarytopaths.code.tex
File: tikzlibrarytopaths.code.tex 2025-08-29 v3.1.11a (3.1.11a)
))) (C:\Users\bnola\AppData\Local\Programs\MiKTeX\tex/generic/pgf/frontendlayer/tikz/libraries\tikzlibraryautomata.code.tex
File: tikzlibraryautomata.code.tex 2025-08-29 v3.1.11a (3.1.11a)
 (C:\Users\bnola\AppData\Local\Programs\MiKTeX\tex/generic/pgf/frontendlayer/tikz/libraries\tikzlibraryshapes.multipart.code.tex
File: tikzlibraryshapes.multipart.code.tex 2025-08-29 v3.1.11a (3.1.11a)
 (C:\Users\bnola\AppData\Local\Programs\MiKTeX\tex/generic/pgf/libraries/shapes\pgflibraryshapes.multipart.code.tex
File: pgflibraryshapes.multipart.code.tex 2025-08-29 v3.1.11a (3.1.11a)
\pgfnodepartlowerbox=\box107
\pgfnodeparttwobox=\box108
\pgfnodepartthreebox=\box109
\pgfnodepartfourbox=\box110
\pgfnodeparttwentybox=\box111
\pgfnodepartnineteenbox=\box112
\pgfnodeparteighteenbox=\box113
\pgfnodepartseventeenbox=\box114
\pgfnodepartsixteenbox=\box115
\pgfnodepartfifteenbox=\box116
\pgfnodepartfourteenbox=\box117
\pgfnodepartthirteenbox=\box118
\pgfnodeparttwelvebox=\box119
\pgfnodepartelevenbox=\box120
\pgfnodeparttenbox=\box121
\pgfnodepartninebox=\box122
\pgfnodeparteightbox=\box123
\pgfnodepartsevenbox=\box124
\pgfnodepartsixbox=\box125
\pgfnodepartfivebox=\box126
))) (C:\Users\bnola\AppData\Local\Programs\MiKTeX\tex/generic/pgf/frontendlayer/tikz/libraries\tikzlibrarypositioning.code.tex
File: tikzlibrarypositioning.code.tex 2025-08-29 v3.1.11a (3.1.11a)
) (C:\Users\bnola\AppData\Local\Programs\MiKTeX\tex/generic/pgf/frontendlayer/tikz/libraries\tikzlibraryarrows.code.tex
File: tikzlibraryarrows.code.tex 2025-08-29 v3.1.11a (3.1.11a)
 (C:\Users\bnola\AppData\Local\Programs\MiKTeX\tex/generic/pgf/libraries\pgflibraryarrows.code.tex
File: pgflibraryarrows.code.tex 2025-08-29 v3.1.11a (3.1.11a)
\arrowsize=\dimen378
)) (C:\Users\bnola\AppData\Local\Programs\MiKTeX\tex/generic/pgf/frontendlayer/tikz/libraries\tikzlibrarybabel.code.tex
File: tikzlibrarybabel.code.tex 2025-08-29 v3.1.11a (3.1.11a)
) (C:\Users\bnola\AppData\Local\Programs\MiKTeX\tex/latex/circuitikz\circuitikz.sty
Package: circuitikz 2025/07/08{} The CircuiTikz circuit drawing package version 1.8.2
 (C:\Users\bnola\AppData\Local\Programs\MiKTeX\tex/generic/pgf/frontendlayer/tikz/libraries\tikzlibrarycalc.code.tex
File: tikzlibrarycalc.code.tex 2025-08-29 v3.1.11a (3.1.11a)
) (C:\Users\bnola\AppData\Local\Programs\MiKTeX\tex/generic/pgf/libraries\pgflibraryarrows.meta.code.tex
File: pgflibraryarrows.meta.code.tex 2025-08-29 v3.1.11a (3.1.11a)
\pgfarrowinset=\dimen379
\pgfarrowlength=\dimen380
\pgfarrowwidth=\dimen381
\pgfarrowlinewidth=\dimen382
) (C:\Users\bnola\AppData\Local\Programs\MiKTeX\tex/generic/pgf/frontendlayer/tikz/libraries\tikzlibrarybending.code.tex
File: tikzlibrarybending.code.tex 2025-08-29 v3.1.11a (3.1.11a)
 (C:\Users\bnola\AppData\Local\Programs\MiKTeX\tex/generic/pgf/modules\pgfmodulebending.code.tex
File: pgfmodulebending.code.tex 2025-08-29 v3.1.11a (3.1.11a)
 (C:\Users\bnola\AppData\Local\Programs\MiKTeX\tex/generic/pgf/modules\pgfmodulenonlineartransformations.code.tex
File: pgfmodulenonlineartransformations.code.tex 2025-08-29 v3.1.11a (3.1.11a)
\pgftransformnonlinearflatness=\dimen383
) (C:\Users\bnola\AppData\Local\Programs\MiKTeX\tex/generic/pgf/libraries\pgflibrarycurvilinear.code.tex
File: pgflibrarycurvilinear.code.tex 2025-08-29 v3.1.11a (3.1.11a)
\pgf@curvilinear@time@a=\dimen384
\pgf@curvilinear@length@a=\dimen385
\pgf@curvilinear@length@b=\dimen386
\pgf@curvilinear@length@c=\dimen387
\pgf@curvilinear@length@d=\dimen388
)
\pgf@arrows@the@rigidity=\dimen389
)) (C:\Users\bnola\AppData\Local\Programs\MiKTeX\tex/generic/pgf/frontendlayer/tikz/libraries\tikzlibraryfpu.code.tex (C:\Users\bnola\AppData\Local\Programs\MiKTeX\tex/generic/pgf/libraries\pgflibraryfpu.code.tex)) (C:\Users\bnola\AppData\Local\Programs\MiKTeX\tex/generic/circuitikz\pgfcirc.defines.tex
\pgf@circ@count@a=\count413
\pgf@circ@count@b=\count414
\pgf@circ@count@c=\count415
\pgf@circ@res@up=\dimen390
\pgf@circ@res@down=\dimen391
\pgf@circ@res@zero=\dimen392
\pgf@circ@res@left=\dimen393
\pgf@circ@res@right=\dimen394
\pgf@circ@res@other=\dimen395
\pgf@circ@res@step=\dimen396
\pgf@circ@res@temp=\dimen397
\pgf@circ@Rlen=\dimen398
\pgf@circ@scaled@Rlen=\dimen399
\pgfstartlinewidth=\dimen400
) (C:\Users\bnola\AppData\Local\Programs\MiKTeX\tex/generic/circuitikz\pgfcircutils.tex
\ctikz@scratchbox=\box127
) (C:\Users\bnola\AppData\Local\Programs\MiKTeX\tex/generic/circuitikz\pgfcircpath.tex) (C:\Users\bnola\AppData\Local\Programs\MiKTeX\tex/generic/circuitikz\pgfcircshapes.tex) (C:\Users\bnola\AppData\Local\Programs\MiKTeX\tex/generic/circuitikz\pgfcircmonopoles.tex) (C:\Users\bnola\AppData\Local\Programs\MiKTeX\tex/generic/circuitikz\pgfcircbipoles.tex) (C:\Users\bnola\AppData\Local\Programs\MiKTeX\tex/generic/circuitikz\pgfcirctripoles.tex
\pgf@circ@res@count=\count416
) (C:\Users\bnola\AppData\Local\Programs\MiKTeX\tex/generic/circuitikz\pgfcircquadpoles.tex) (C:\Users\bnola\AppData\Local\Programs\MiKTeX\tex/generic/circuitikz\pgfcircmultipoles.tex) (C:\Users\bnola\AppData\Local\Programs\MiKTeX\tex/generic/circuitikz\pgfcirclabel.tex) (C:\Users\bnola\AppData\Local\Programs\MiKTeX\tex/generic/circuitikz\pgfcircvoltage.tex
\pgfcirc@labelshift=\dimen401
) (C:\Users\bnola\AppData\Local\Programs\MiKTeX\tex/generic/circuitikz\pgfcirccurrent.tex) (C:\Users\bnola\AppData\Local\Programs\MiKTeX\tex/generic/circuitikz\pgfcircflow.tex)) (C:\Users\bnola\AppData\Local\Programs\MiKTeX\tex/latex/tkz-tab\tkz-tab.sty
Package: tkz-tab 2020/04/29 v2.12c variations (ctan version)
 (C:\Users\bnola\AppData\Local\Programs\MiKTeX\tex/generic/pgf/frontendlayer/tikz/libraries\tikzlibrarypatterns.code.tex
File: tikzlibrarypatterns.code.tex 2025-08-29 v3.1.11a (3.1.11a)
 (C:\Users\bnola\AppData\Local\Programs\MiKTeX\tex/generic/pgf/libraries\pgflibrarypatterns.code.tex
File: pgflibrarypatterns.code.tex 2025-08-29 v3.1.11a (3.1.11a)
))
\tkz@XF=\dimen402
\tkz@YF=\dimen403
\c@tkz@cnt@line=\count417
\c@tkz@cnt@lg=\count418
\c@tkz@cnt@cl=\count419
\c@tkz@cnt@pred=\count420
\c@tkz@cnt@temp=\count421
\c@tkz@cnt@arrow=\count422
\c@tkz@cnt@zone=\count423
\c@tkz@cnt@lgnext=\count424
\c@tkz@cnt@clnext=\count425
\c@tkz@cnt@pair=\count426
\c@tkz@cnt@impair=\count427
\c@tkz@cnt@aw=\count428
)
(C:\Users\bnola\AppData\Local\Programs\MiKTeX\tex/latex/glossaries/base\glossaries.sty
Package: glossaries 2025/08/11 v4.8 (NLCT)
 (C:\Users\bnola\AppData\Local\Programs\MiKTeX\tex/latex/mfirstuc\mfirstuc.sty
Package: mfirstuc 2025/04/03 v2.09 (NLCT)
\@glsmfirst=\toks67
\@glsmrest=\toks68
) (C:\Users\bnola\AppData\Local\Programs\MiKTeX\tex/latex/xfor\xfor.sty
Package: xfor 2009/02/05 v1.05 (NLCT)
) (C:\Users\bnola\AppData\Local\Programs\MiKTeX\tex/latex/tracklang\tracklang.sty
Package: tracklang 2025/03/11 v1.6.6 (NLCT) Track Languages
 (C:\Users\bnola\AppData\Local\Programs\MiKTeX\tex/generic/tracklang\tracklang.tex)
Package tracklang Info: Tracking dialect `french' (language `french') on input line 264.
Package tracklang Info: Tracking dialect `french' (language `french') on input line 264.
) (C:\Users\bnola\AppData\Local\Programs\MiKTeX\tex/latex/translator\translator.sty
Package: translator 2021-05-31 v1.12d Easy translation of strings in LaTeX
) (C:\Users\bnola\AppData\Local\Programs\MiKTeX\tex/latex/glossaries-french\glossaries-french.ldf
File: glossaries-french.ldf 2016/12/12 v1.1
) (C:\Users\bnola\AppData\Local\Programs\MiKTeX\tex/latex/datatool\datatool-base.sty
Package: datatool-base 2025/04/25 v3.4.1 (NLCT)
 (C:\Users\bnola\AppData\Local\Programs\MiKTeX\tex/latex/datatool\datatool-l3fp.def
File: datatool-l3fp.def 2025/04/25 v3.4.1 (NLCT)
)
\@dtl@toks=\toks69
\@dtl@tmpcount=\count429
\dtl@tmplength=\skip127
\l__datatool_measure_box=\box128
\dtl@sortresult=\count430
 (C:\Users\bnola\AppData\Local\Programs\MiKTeX\tex/latex/datatool\datatool-utf8.ldf
File: datatool-utf8.ldf 2025/04/25 v3.4.1 (NLCT)
)
\@dtl@datatype=\count431
\l__datatool_tmpa_int=\count432
\l__datatool_tmpb_int=\count433
\l__datatool_tmpc_int=\count434
\l__datatool_tmpd_int=\count435
\l__datatool_count_int=\count436
\l__datatool_tmp_datatype_int=\count437
\l__datatool_tmpa_dim=\dimen404
\l__datatool_tmpb_dim=\dimen405
\c_datatool_unknown_int=\count438
\l__datatool_year_int=\count439
\l__datatool_month_int=\count440
\l__datatool_day_int=\count441
\l__datatool_hour_int=\count442
\l__datatool_minute_int=\count443
\l__datatool_second_int=\count444
\l__datatool_tzhour_int=\count445
\l__datatool_tzminute_int=\count446
\l__datatool_julian_int=\count447
\l__datatool_local_julian_int=\count448
\l__datatool_prefix_int=\count449
\l__datatool_suffix_int=\count450
\@dtl@foreach@level=\count451


Package tracklang Warning: No `datatool' support for dialect `french'  on input line 9908.

\dtl@codeA=\count452
\dtl@codeB=\count453
)
\gls@level=\count454
\@gls@tmpb=\toks70
\gls@tmplen=\skip128
\l__glossaries_tmpa_dim=\dimen406
\l__glossaries_tmpb_dim=\dimen407
\glskeylisttok=\toks71
\glslabeltok=\toks72
\glsshorttok=\toks73
\glslongtok=\toks74
 (C:\Users\bnola\AppData\Local\Programs\MiKTeX\tex/latex/glossaries/styles\glossary-hypernav.sty
Package: glossary-hypernav 2025/08/11 v4.8 (NLCT)
) (C:\Users\bnola\AppData\Local\Programs\MiKTeX\tex/latex/glossaries/styles\glossary-list.sty
Package: glossary-list 2025/08/11 v4.8 (NLCT)
\glslistdottedwidth=\skip129
) (C:\Users\bnola\AppData\Local\Programs\MiKTeX\tex/latex/glossaries/styles\glossary-long.sty
Package: glossary-long 2025/08/11 v4.8 (NLCT)
\glsdescwidth=\skip130
\glspagelistwidth=\skip131
) (C:\Users\bnola\AppData\Local\Programs\MiKTeX\tex/latex/glossaries/styles\glossary-super.sty
Package: glossary-super 2025/08/11 v4.8 (NLCT)
 (C:\Users\bnola\AppData\Local\Programs\MiKTeX\tex/latex/supertabular\supertabular.sty
Package: supertabular 2024/07/20 v4.2c the supertabular environment
\c@tracingst=\count455
\ST@wd=\dimen408
\ST@rightskip=\skip132
\ST@leftskip=\skip133
\ST@parfillskip=\skip134
\ST@pageleft=\dimen409
\ST@headht=\dimen410
\ST@tailht=\dimen411
\ST@pagesofar=\dimen412
\ST@pboxht=\dimen413
\ST@rowht=\dimen414
\ST@prevht=\dimen415
\ST@toadd=\dimen416
\ST@dimen=\dimen417
\ST@pbox=\box129
)) (C:\Users\bnola\AppData\Local\Programs\MiKTeX\tex/latex/glossaries/styles\glossary-tree.sty
Package: glossary-tree 2025/08/11 v4.8 (NLCT)
\l__glossaries_tree_max_known_level_int=\count456
\l__glossaries_tree_offset_dim=\dimen418
\l__glossaries_tree_namewidth_dim=\dimen419
\l__glossaries_tree_symbolwidth_dim=\dimen420
\l__glossaries_tree_prenamesym_width_dim=\dimen421
\l__glossaries_tree_presubnamesym_width_dim=\dimen422
\l__glossaries_tree_namewidth_padding_dim=\dimen423
\l__glossaries_tree_symbolwidth_padding_dim=\dimen424
\l__glossaries_tree_namesymbolwidth_dim=\dimen425
\l__glossaries_tree_namesymbolwidth_padding_dim=\dimen426
\l__glossaries_tree_level_int=\count457
\glstreeindent=\skip135
))
\glswrite=\write6
\glo@main@file=\write7
\openout7 = `main.glo'.

Package glossaries Info: Writing glossary file main.glo on input line 127.
\glo@acronym@file=\write8
\openout8 = `main.acn'.

Package glossaries Info: Writing glossary file main.acn on input line 127.
\c@glossnote=\count458
 (C:\Users\bnola\AppData\Local\Programs\MiKTeX\tex/latex/mdframed\mdframed.sty
Package: mdframed 2013/07/01 1.9b: mdframed
 (C:\Users\bnola\AppData\Local\Programs\MiKTeX\tex/latex/l3packages/xparse\xparse.sty
Package: xparse 2024-08-16 L3 Experimental document command parser
) (C:\Users\bnola\AppData\Local\Programs\MiKTeX\tex/latex/zref\zref-abspage.sty
Package: zref-abspage 2025-06-08 v2.36 Module abspage for zref (HO)
 (C:\Users\bnola\AppData\Local\Programs\MiKTeX\tex/latex/zref\zref-base.sty
Package: zref-base 2025-06-08 v2.36 Module base for zref (HO)
 (C:\Users\bnola\AppData\Local\Programs\MiKTeX\tex/latex/auxhook\auxhook.sty
Package: auxhook 2019-12-17 v1.6 Hooks for auxiliary files (HO)
)
Package zref Info: New property list: main on input line 767.
Package zref Info: New property: default on input line 768.
Package zref Info: New property: page on input line 769.
)
\c@abspage=\count459
Package zref Info: New property: abspage on input line 67.
) (C:\Users\bnola\AppData\Local\Programs\MiKTeX\tex/latex/needspace\needspace.sty
Package: needspace 2025/03/13 v1.3e reserve vertical space
)
\mdf@templength=\skip136
\c@mdf@globalstyle@cnt=\count460
\mdf@skipabove@length=\skip137
\mdf@skipbelow@length=\skip138
\mdf@leftmargin@length=\skip139
\mdf@rightmargin@length=\skip140
\mdf@innerleftmargin@length=\skip141
\mdf@innerrightmargin@length=\skip142
\mdf@innertopmargin@length=\skip143
\mdf@innerbottommargin@length=\skip144
\mdf@splittopskip@length=\skip145
\mdf@splitbottomskip@length=\skip146
\mdf@outermargin@length=\skip147
\mdf@innermargin@length=\skip148
\mdf@linewidth@length=\skip149
\mdf@innerlinewidth@length=\skip150
\mdf@middlelinewidth@length=\skip151
\mdf@outerlinewidth@length=\skip152
\mdf@roundcorner@length=\skip153
\mdf@footenotedistance@length=\skip154
\mdf@userdefinedwidth@length=\skip155
\mdf@needspace@length=\skip156
\mdf@frametitleaboveskip@length=\skip157
\mdf@frametitlebelowskip@length=\skip158
\mdf@frametitlerulewidth@length=\skip159
\mdf@frametitleleftmargin@length=\skip160
\mdf@frametitlerightmargin@length=\skip161
\mdf@shadowsize@length=\skip162
\mdf@extratopheight@length=\skip163
\mdf@subtitleabovelinewidth@length=\skip164
\mdf@subtitlebelowlinewidth@length=\skip165
\mdf@subtitleaboveskip@length=\skip166
\mdf@subtitlebelowskip@length=\skip167
\mdf@subtitleinneraboveskip@length=\skip168
\mdf@subtitleinnerbelowskip@length=\skip169
\mdf@subsubtitleabovelinewidth@length=\skip170
\mdf@subsubtitlebelowlinewidth@length=\skip171
\mdf@subsubtitleaboveskip@length=\skip172
\mdf@subsubtitlebelowskip@length=\skip173
\mdf@subsubtitleinneraboveskip@length=\skip174
\mdf@subsubtitleinnerbelowskip@length=\skip175
 (C:\Users\bnola\AppData\Local\Programs\MiKTeX\tex/latex/mdframed\md-frame-0.mdf
File: md-frame-0.mdf 2013/07/01\ 1.9b: md-frame-0
)
\mdf@frametitlebox=\box130
\mdf@footnotebox=\box131
\mdf@splitbox@one=\box132
\mdf@splitbox@two=\box133
\mdf@splitbox@save=\box134
\mdfsplitboxwidth=\skip176
\mdfsplitboxtotalwidth=\skip177
\mdfsplitboxheight=\skip178
\mdfsplitboxdepth=\skip179
\mdfsplitboxtotalheight=\skip180
\mdfframetitleboxwidth=\skip181
\mdfframetitleboxtotalwidth=\skip182
\mdfframetitleboxheight=\skip183
\mdfframetitleboxdepth=\skip184
\mdfframetitleboxtotalheight=\skip185
\mdffootnoteboxwidth=\skip186
\mdffootnoteboxtotalwidth=\skip187
\mdffootnoteboxheight=\skip188
\mdffootnoteboxdepth=\skip189
\mdffootnoteboxtotalheight=\skip190
\mdftotallinewidth=\skip191
\mdfboundingboxwidth=\skip192
\mdfboundingboxtotalwidth=\skip193
\mdfboundingboxheight=\skip194
\mdfboundingboxdepth=\skip195
\mdfboundingboxtotalheight=\skip196
\mdf@freevspace@length=\skip197
\mdf@horizontalwidthofbox@length=\skip198
\mdf@verticalmarginwhole@length=\skip199
\mdf@horizontalspaceofbox=\skip256
\mdfsubtitleheight=\skip257
\mdfsubsubtitleheight=\skip258
\c@mdfcountframes=\count461

****** mdframed patching \endmdf@trivlist

****** -- success******

\mdf@envdepth=\count462
\c@mdf@env@i=\count463
\c@mdf@env@ii=\count464
\c@mdf@zref@counter=\count465
Package zref Info: New property: mdf@pagevalue on input line 895.
))
Package french3.ldf Info: Setting StandardItemizeEnv=true for
(french3.ldf)             compatibility with enumitem package,
(french3.ldf)             reported on input line 3.
Package french3.ldf Info: Setting StandardEnumerateEnv=true for
(french3.ldf)             compatibility with enumitem package,
(french3.ldf)             reported on input line 3.
LaTeX Font Info:    Trying to load font information for T1+lmr on input line 3.
 (C:\Users\bnola\AppData\Local\Programs\MiKTeX\tex/latex/lm\t1lmr.fd
File: t1lmr.fd 2015/05/01 v1.6.1 Font defs for Latin Modern
) (main.aux
Package babel Info: 'french' activates 'french' shorthands.
(babel)             Reported on input line 20.
)
\openout1 = `main.aux'.

LaTeX Font Info:    Checking defaults for OML/cmm/m/it on input line 3.
LaTeX Font Info:    ... okay on input line 3.
LaTeX Font Info:    Checking defaults for OMS/cmsy/m/n on input line 3.
LaTeX Font Info:    ... okay on input line 3.
LaTeX Font Info:    Checking defaults for OT1/cmr/m/n on input line 3.
LaTeX Font Info:    ... okay on input line 3.
LaTeX Font Info:    Checking defaults for T1/cmr/m/n on input line 3.
LaTeX Font Info:    ... okay on input line 3.
LaTeX Font Info:    Checking defaults for TS1/cmr/m/n on input line 3.
LaTeX Font Info:    ... okay on input line 3.
LaTeX Font Info:    Checking defaults for OMX/cmex/m/n on input line 3.
LaTeX Font Info:    ... okay on input line 3.
LaTeX Font Info:    Checking defaults for U/mathx/m/n on input line 3.
LaTeX Font Info:    ... okay on input line 3.
LaTeX Font Info:    Checking defaults for PD1/pdf/m/n on input line 3.
LaTeX Font Info:    ... okay on input line 3.
LaTeX Font Info:    Checking defaults for PU/pdf/m/n on input line 3.
LaTeX Font Info:    ... okay on input line 3.
LaTeX Info: Redefining \degres on input line 3.
LaTeX Info: Command `\dddot' is already robust on input line 3.
LaTeX Info: Command `\ddddot' is already robust on input line 3.
 (C:\Users\bnola\AppData\Local\Programs\MiKTeX\tex/latex/translations/dicts\translations-basic-dictionary-french.trsl
File: translations-basic-dictionary-french.trsl (french translation file `translations-basic-dictionary')
)
Package translations Info: loading dictionary `translations-basic-dictionary' for `french'. on input line 3.
 (C:\Users\bnola\AppData\Local\Programs\MiKTeX\tex/context/base/mkii\supp-pdf.mkii
[Loading MPS to PDF converter (version 2006.09.02).]
\scratchcounter=\count466
\scratchdimen=\dimen427
\scratchbox=\box135
\nofMPsegments=\count467
\nofMParguments=\count468
\everyMPshowfont=\toks75
\MPscratchCnt=\count469
\MPscratchDim=\dimen428
\MPnumerator=\count470
\makeMPintoPDFobject=\count471
\everyMPtoPDFconversion=\toks76
) (C:\Users\bnola\AppData\Local\Programs\MiKTeX\tex/latex/epstopdf-pkg\epstopdf-base.sty
Package: epstopdf-base 2020-01-24 v2.11 Base part for package epstopdf
Package epstopdf-base Info: Redefining graphics rule for `.eps' on input line 485.
 (C:\Users\bnola\AppData\Local\Programs\MiKTeX\tex/latex/00miktex\epstopdf-sys.cfg
File: epstopdf-sys.cfg 2021/03/18 v2.0 Configuration of epstopdf for MiKTeX
))
*geometry* driver: auto-detecting
*geometry* detected driver: pdftex
*geometry* verbose mode - [ preamble ] result:
* driver: pdftex
* paper: <default>
* layout: <same size as paper>
* layoutoffset:(h,v)=(0.0pt,0.0pt)
* modes: 
* h-part:(L,W,R)=(56.9055pt, 483.69687pt, 56.9055pt)
* v-part:(T,H,B)=(56.9055pt, 717.00946pt, 71.13188pt)
* \paperwidth=597.50787pt
* \paperheight=845.04684pt
* \textwidth=483.69687pt
* \textheight=717.00946pt
* \oddsidemargin=-15.36449pt
* \evensidemargin=-15.36449pt
* \topmargin=-52.36449pt
* \headheight=12.0pt
* \headsep=25.0pt
* \topskip=12.0pt
* \footskip=30.0pt
* \marginparwidth=35.0pt
* \marginparsep=10.0pt
* \columnsep=10.0pt
* \skip\footins=10.8pt plus 4.0pt minus 2.0pt
* \hoffset=0.0pt
* \voffset=0.0pt
* \mag=1000
* \@twocolumnfalse
* \@twosidefalse
* \@mparswitchfalse
* \@reversemarginfalse
* (1in=72.27pt=25.4mm, 1cm=28.453pt)

Package hyperref Info: Link coloring OFF on input line 3.
\c@lstlisting=\count472
Package tocbasic Info: setting babel extension for `lol' on input line 3.
Package caption Info: Begin \AtBeginDocument code.
Package caption Info: supertabular package is loaded.
Package caption Info: End \AtBeginDocument code.
(main.glsdefs)
<images/logos/POLYTECH_NANTES.png, id=6, 404.51125pt x 125.46875pt>
File: images/logos/POLYTECH_NANTES.png Graphic file (type png)
<use images/logos/POLYTECH_NANTES.png>
Package pdftex.def Info: images/logos/POLYTECH_NANTES.png  used on input line 8.
(pdftex.def)             Requested size: 83.17223pt x 25.79784pt.
<images/logos/Logo_mairie_saint_mars_du_desert.png, id=7, 225.84375pt x 225.84375pt>
File: images/logos/Logo_mairie_saint_mars_du_desert.png Graphic file (type png)
<use images/logos/Logo_mairie_saint_mars_du_desert.png>
Package pdftex.def Info: images/logos/Logo_mairie_saint_mars_du_desert.png  used on input line 8.
(pdftex.def)             Requested size: 45.52289pt x 45.52289pt.
LaTeX Font Info:    Trying to load font information for TS1+lmr on input line 8.
 (C:\Users\bnola\AppData\Local\Programs\MiKTeX\tex/latex/lm\ts1lmr.fd
File: ts1lmr.fd 2015/05/01 v1.6.1 Font defs for Latin Modern
)
Package mdframed Info: Not enough space on this page on input line 8.


[1

\openout6 = `main.ist'.

{C:/Users/bnola/AppData/Local/MiKTeX/fonts/map/pdftex/pdftex.map}{C:/Users/bnola/AppData/Local/Programs/MiKTeX/fonts/enc/dvips/lm/lm-ec.enc}{C:/Users/bnola/AppData/Local/Programs/MiKTeX/fonts/enc/dvips/lm/lm-ts1.enc} <./images/logos/POLYTECH_NANTES.png> <./images/logos/Logo_mairie_saint_mars_du_desert.png>] (main.toc
LaTeX Font Info:    Trying to load font information for OT1+lmr on input line 2.
 (C:\Users\bnola\AppData\Local\Programs\MiKTeX\tex/latex/lm\ot1lmr.fd
File: ot1lmr.fd 2015/05/01 v1.6.1 Font defs for Latin Modern
)
LaTeX Font Info:    Trying to load font information for OML+lmm on input line 2.
 (C:\Users\bnola\AppData\Local\Programs\MiKTeX\tex/latex/lm\omllmm.fd
File: omllmm.fd 2015/05/01 v1.6.1 Font defs for Latin Modern
)
LaTeX Font Info:    Trying to load font information for OMS+lmsy on input line 2.
 (C:\Users\bnola\AppData\Local\Programs\MiKTeX\tex/latex/lm\omslmsy.fd
File: omslmsy.fd 2015/05/01 v1.6.1 Font defs for Latin Modern
)
LaTeX Font Info:    Trying to load font information for OMX+lmex on input line 2.
 (C:\Users\bnola\AppData\Local\Programs\MiKTeX\tex/latex/lm\omxlmex.fd
File: omxlmex.fd 2015/05/01 v1.6.1 Font defs for Latin Modern
)
LaTeX Font Info:    External font `lmex10' loaded for size
(Font)              <12> on input line 2.
LaTeX Font Info:    External font `lmex10' loaded for size
(Font)              <8> on input line 2.
LaTeX Font Info:    External font `lmex10' loaded for size
(Font)              <6> on input line 2.
LaTeX Font Info:    Trying to load font information for U+msa on input line 2.
 (C:\Users\bnola\AppData\Local\Programs\MiKTeX\tex/latex/amsfonts\umsa.fd
File: umsa.fd 2013/01/14 v3.01 AMS symbols A
)
LaTeX Font Info:    Trying to load font information for U+msb on input line 2.
 (C:\Users\bnola\AppData\Local\Programs\MiKTeX\tex/latex/amsfonts\umsb.fd
File: umsb.fd 2013/01/14 v3.01 AMS symbols B
))
\tf@toc=\write9
\openout9 = `main.toc'.



<images/logos/entete_deux_logos.png, id=38, 501.37312pt x 96.36pt>
File: images/logos/entete_deux_logos.png Graphic file (type png)
<use images/logos/entete_deux_logos.png>
Package pdftex.def Info: images/logos/entete_deux_logos.png  used on input line 28.
(pdftex.def)             Requested size: 100.27284pt x 19.27165pt.

Package fancyhdr Warning: \headheight is too small (12.0pt): 
(fancyhdr)                Make it at least 24.6717pt, for example:
(fancyhdr)                \setlength{\headheight}{24.6717pt}.
(fancyhdr)                You might also make \topmargin smaller:
(fancyhdr)                \addtolength{\topmargin}{-12.6717pt}.

[2

 <./images/logos/entete_deux_logos.png (PNG copy)>] (main.lof)
\tf@lof=\write10
\openout10 = `main.lof'.



File: images/logos/entete_deux_logos.png Graphic file (type png)
<use images/logos/entete_deux_logos.png>
Package pdftex.def Info: images/logos/entete_deux_logos.png  used on input line 36.
(pdftex.def)             Requested size: 100.27284pt x 19.27165pt.

Package fancyhdr Warning: \headheight is too small (12.0pt): 
(fancyhdr)                Make it at least 24.6717pt, for example:
(fancyhdr)                \setlength{\headheight}{24.6717pt}.
(fancyhdr)                You might also make \topmargin smaller:
(fancyhdr)                \addtolength{\topmargin}{-12.6717pt}.

[3] (text/1_Introduction.tex
Underfull \hbox (badness 10000) in paragraph at lines 5--7

 []


Underfull \hbox (badness 10000) in paragraph at lines 8--11

 []


Underfull \hbox (badness 10000) in paragraph at lines 12--15

 []

LaTeX Font Info:    External font `lmex10' loaded for size
(Font)              <10.95> on input line 17.

Underfull \hbox (badness 10000) in paragraph at lines 17--20

 []

)

File: images/logos/entete_deux_logos.png Graphic file (type png)
<use images/logos/entete_deux_logos.png>
Package pdftex.def Info: images/logos/entete_deux_logos.png  used on input line 38.
(pdftex.def)             Requested size: 100.27284pt x 19.27165pt.

Package fancyhdr Warning: \headheight is too small (12.0pt): 
(fancyhdr)                Make it at least 24.6717pt, for example:
(fancyhdr)                \setlength{\headheight}{24.6717pt}.
(fancyhdr)                You might also make \topmargin smaller:
(fancyhdr)                \addtolength{\topmargin}{-12.6717pt}.

[4] (text/2_Besoins_Fonctionnels.tex
Underfull \hbox (badness 10000) in paragraph at lines 3--4

 []

)

File: images/logos/entete_deux_logos.png Graphic file (type png)
<use images/logos/entete_deux_logos.png>
Package pdftex.def Info: images/logos/entete_deux_logos.png  used on input line 40.
(pdftex.def)             Requested size: 100.27284pt x 19.27165pt.

Package fancyhdr Warning: \headheight is too small (12.0pt): 
(fancyhdr)                Make it at least 24.6717pt, for example:
(fancyhdr)                \setlength{\headheight}{24.6717pt}.
(fancyhdr)                You might also make \topmargin smaller:
(fancyhdr)                \addtolength{\topmargin}{-12.6717pt}.

[5{C:/Users/bnola/AppData/Local/Programs/MiKTeX/fonts/enc/dvips/lm/lm-rm.enc}] (text/3_Besoins_non_Fonctionnels.tex
Underfull \hbox (badness 10000) in paragraph at lines 3--4

 []

)

File: images/logos/entete_deux_logos.png Graphic file (type png)
<use images/logos/entete_deux_logos.png>
Package pdftex.def Info: images/logos/entete_deux_logos.png  used on input line 42.
(pdftex.def)             Requested size: 100.27284pt x 19.27165pt.

Package fancyhdr Warning: \headheight is too small (12.0pt): 
(fancyhdr)                Make it at least 24.6717pt, for example:
(fancyhdr)                \setlength{\headheight}{24.6717pt}.
(fancyhdr)                You might also make \topmargin smaller:
(fancyhdr)                \addtolength{\topmargin}{-12.6717pt}.

[6] (text/4_Evolution_Potentielle_des_Besoins.tex
Underfull \hbox (badness 10000) in paragraph at lines 3--4

 []

)

File: images/logos/entete_deux_logos.png Graphic file (type png)
<use images/logos/entete_deux_logos.png>
Package pdftex.def Info: images/logos/entete_deux_logos.png  used on input line 44.
(pdftex.def)             Requested size: 100.27284pt x 19.27165pt.

Package fancyhdr Warning: \headheight is too small (12.0pt): 
(fancyhdr)                Make it at least 24.6717pt, for example:
(fancyhdr)                \setlength{\headheight}{24.6717pt}.
(fancyhdr)                You might also make \topmargin smaller:
(fancyhdr)                \addtolength{\topmargin}{-12.6717pt}.

[7] (text/5_Limites_du_Porjet.tex
Underfull \hbox (badness 10000) in paragraph at lines 3--4

 []


Underfull \hbox (badness 10000) in paragraph at lines 5--7

 []

)

File: images/logos/entete_deux_logos.png Graphic file (type png)
<use images/logos/entete_deux_logos.png>
Package pdftex.def Info: images/logos/entete_deux_logos.png  used on input line 46.
(pdftex.def)             Requested size: 100.27284pt x 19.27165pt.

Package fancyhdr Warning: \headheight is too small (12.0pt): 
(fancyhdr)                Make it at least 24.6717pt, for example:
(fancyhdr)                \setlength{\headheight}{24.6717pt}.
(fancyhdr)                You might also make \topmargin smaller:
(fancyhdr)                \addtolength{\topmargin}{-12.6717pt}.

[8] (text/6_Risques.tex
Underfull \hbox (badness 10000) in paragraph at lines 2--3

 []

)

File: images/logos/entete_deux_logos.png Graphic file (type png)
<use images/logos/entete_deux_logos.png>
Package pdftex.def Info: images/logos/entete_deux_logos.png  used on input line 48.
(pdftex.def)             Requested size: 100.27284pt x 19.27165pt.

Package fancyhdr Warning: \headheight is too small (12.0pt): 
(fancyhdr)                Make it at least 24.6717pt, for example:
(fancyhdr)                \setlength{\headheight}{24.6717pt}.
(fancyhdr)                You might also make \topmargin smaller:
(fancyhdr)                \addtolength{\topmargin}{-12.6717pt}.

[9] (text/7_Planning.tex
Underfull \hbox (badness 10000) in paragraph at lines 3--4

 []

)

File: images/logos/entete_deux_logos.png Graphic file (type png)
<use images/logos/entete_deux_logos.png>
Package pdftex.def Info: images/logos/entete_deux_logos.png  used on input line 50.
(pdftex.def)             Requested size: 100.27284pt x 19.27165pt.

Package fancyhdr Warning: \headheight is too small (12.0pt): 
(fancyhdr)                Make it at least 24.6717pt, for example:
(fancyhdr)                \setlength{\headheight}{24.6717pt}.
(fancyhdr)                You might also make \topmargin smaller:
(fancyhdr)                \addtolength{\topmargin}{-12.6717pt}.

[10] (text/8_Gestion_de_Projet.tex
Underfull \hbox (badness 10000) in paragraph at lines 10--12

 []


Underfull \hbox (badness 10000) in paragraph at lines 22--24

 []


Underfull \hbox (badness 10000) in paragraph at lines 41--41
[]|\T1/lmr/bx/n/12 Date et si-gna-ture du
 []


Underfull \hbox (badness 5817) in paragraph at lines 41--41
[]|\T1/lmr/bx/n/12 Date et si-gna-ture des
 []



File: images/logos/entete_deux_logos.png Graphic file (type png)
<use images/logos/entete_deux_logos.png>
Package pdftex.def Info: images/logos/entete_deux_logos.png  used on input line 42.
(pdftex.def)             Requested size: 100.27284pt x 19.27165pt.

Package fancyhdr Warning: \headheight is too small (12.0pt): 
(fancyhdr)                Make it at least 24.6717pt, for example:
(fancyhdr)                \setlength{\headheight}{24.6717pt}.
(fancyhdr)                You might also make \topmargin smaller:
(fancyhdr)                \addtolength{\topmargin}{-12.6717pt}.

[11])

File: images/logos/entete_deux_logos.png Graphic file (type png)
<use images/logos/entete_deux_logos.png>
Package pdftex.def Info: images/logos/entete_deux_logos.png  used on input line 56.
(pdftex.def)             Requested size: 100.27284pt x 19.27165pt.

Package fancyhdr Warning: \headheight is too small (12.0pt): 
(fancyhdr)                Make it at least 24.6717pt, for example:
(fancyhdr)                \setlength{\headheight}{24.6717pt}.
(fancyhdr)                You might also make \topmargin smaller:
(fancyhdr)                \addtolength{\topmargin}{-12.6717pt}.

[12] (text/9_Glossaire.tex
\@gls@deffile=\write11
\openout11 = `main.glsdefs'.

) (main.gls)

File: images/logos/entete_deux_logos.png Graphic file (type png)
<use images/logos/entete_deux_logos.png>
Package pdftex.def Info: images/logos/entete_deux_logos.png  used on input line 66.
(pdftex.def)             Requested size: 100.27284pt x 19.27165pt.

Package fancyhdr Warning: \headheight is too small (12.0pt): 
(fancyhdr)                Make it at least 24.6717pt, for example:
(fancyhdr)                \setlength{\headheight}{24.6717pt}.
(fancyhdr)                You might also make \topmargin smaller:
(fancyhdr)                \addtolength{\topmargin}{-12.6717pt}.

[13] (text/10_Annexes.tex

pdfTeX warning: pdflatex (file ./images/bete_a_corne.pdf): PDF inclusion: found PDF version <1.7>, but at most version <1.5> allowed
<images/bete_a_corne.pdf, id=164, 365.44528pt x 246.9225pt>
File: images/bete_a_corne.pdf Graphic file (type pdf)
<use images/bete_a_corne.pdf>
Package pdftex.def Info: images/bete_a_corne.pdf  used on input line 8.
(pdftex.def)             Requested size: 338.58632pt x 228.77649pt.


pdfTeX warning: pdflatex (file ./images/schema_fonctionnel_principale.pdf): PDF inclusion: found PDF version <1.7>, but at most version <1.5> allowed
<images/schema_fonctionnel_principale.pdf, id=165, 1013.70718pt x 391.4625pt>
File: images/schema_fonctionnel_principale.pdf Graphic file (type pdf)
<use images/schema_fonctionnel_principale.pdf>
Package pdftex.def Info: images/schema_fonctionnel_principale.pdf  used on input line 20.
(pdftex.def)             Requested size: 483.69687pt x 186.78883pt.


pdfTeX warning: pdflatex (file ./images/schema_fontionnel_global.pdf): PDF inclusion: found PDF version <1.7>, but at most version <1.5> allowed
<images/schema_fontionnel_global.pdf, id=166, 1346.1492pt x 572.1375pt>
File: images/schema_fontionnel_global.pdf Graphic file (type pdf)
<use images/schema_fontionnel_global.pdf>
Package pdftex.def Info: images/schema_fontionnel_global.pdf  used on input line 30.
(pdftex.def)             Requested size: 483.69687pt x 205.57648pt.


File: images/logos/entete_deux_logos.png Graphic file (type png)
<use images/logos/entete_deux_logos.png>
Package pdftex.def Info: images/logos/entete_deux_logos.png  used on input line 35.
(pdftex.def)             Requested size: 100.27284pt x 19.27165pt.

Package fancyhdr Warning: \headheight is too small (12.0pt): 
(fancyhdr)                Make it at least 24.6717pt, for example:
(fancyhdr)                \setlength{\headheight}{24.6717pt}.
(fancyhdr)                You might also make \topmargin smaller:
(fancyhdr)                \addtolength{\topmargin}{-12.6717pt}.

[14 <./images/bete_a_corne.pdf> <./images/schema_fonctionnel_principale.pdf>]
Underfull \hbox (badness 10000) in paragraph at lines 38--39

 []



File: images/logos/entete_deux_logos.png Graphic file (type png)
<use images/logos/entete_deux_logos.png>
Package pdftex.def Info: images/logos/entete_deux_logos.png  used on input line 66.
(pdftex.def)             Requested size: 100.27284pt x 19.27165pt.

Package fancyhdr Warning: \headheight is too small (12.0pt): 
(fancyhdr)                Make it at least 24.6717pt, for example:
(fancyhdr)                \setlength{\headheight}{24.6717pt}.
(fancyhdr)                You might also make \topmargin smaller:
(fancyhdr)                \addtolength{\topmargin}{-12.6717pt}.

[15 <./images/schema_fontionnel_global.pdf>]
*geometry* verbose mode - [ newgeometry ] result:
* driver: pdftex
* paper: <default>
* layout: <same size as paper>
* layoutoffset:(h,v)=(0.0pt,0.0pt)
* modes: 
* h-part:(L,W,R)=(0.0pt, 597.50787pt, 0.0pt)
* v-part:(T,H,B)=(0.0pt, 845.04684pt, 0.0pt)
* \paperwidth=597.50787pt
* \paperheight=845.04684pt
* \textwidth=597.50787pt
* \textheight=845.04684pt
* \oddsidemargin=-72.26999pt
* \evensidemargin=-72.26999pt
* \topmargin=-109.26999pt
* \headheight=12.0pt
* \headsep=25.0pt
* \topskip=12.0pt
* \footskip=30.0pt
* \marginparwidth=35.0pt
* \marginparsep=10.0pt
* \columnsep=10.0pt
* \skip\footins=10.8pt plus 4.0pt minus 2.0pt
* \hoffset=0.0pt
* \voffset=0.0pt
* \mag=1000
* \@twocolumnfalse
* \@twosidefalse
* \@mparswitchfalse
* \@reversemarginfalse
* (1in=72.27pt=25.4mm, 1cm=28.453pt)


Underfull \hbox (badness 10000) in paragraph at lines 90--90
[]|\T1/lmr/bx/n/12 Portée ty-
 []


Underfull \hbox (badness 4995) in paragraph at lines 90--90
[]|\T1/lmr/bx/n/12 Débit in-di-ca-
 []


Overfull \hbox (2.01582pt too wide) in paragraph at lines 90--90
[]|\T1/lmr/bx/n/12 Énergie| 
 []


Underfull \hbox (badness 10000) in paragraph at lines 90--90
[]|\T1/lmr/m/n/12 Transmission
 []


Underfull \hbox (badness 3179) in paragraph at lines 90--90
[]|\T1/lmr/m/n/12 Locale à mon-
 []


Underfull \hbox (badness 2547) in paragraph at lines 90--90
\T1/lmr/m/n/12 diale se-lon an-
 []


Underfull \hbox (badness 10000) in paragraph at lines 90--90
[]|\T1/lmr/m/n/12 Très grande
 []


Underfull \hbox (badness 10000) in paragraph at lines 90--90
\T1/lmr/m/n/12 por-tée, ro-
 []


Underfull \hbox (badness 10000) in paragraph at lines 90--90
[]|\T1/lmr/m/n/12 Débit li-mité,
 []


Underfull \hbox (badness 10000) in paragraph at lines 90--90
[]|\T1/lmr/m/n/12 Autorisation si
 []


Underfull \hbox (badness 10000) in paragraph at lines 90--90
[]|\T1/lmr/m/n/12 Modulation
 []


Underfull \hbox (badness 10000) in paragraph at lines 90--90
[]|\T1/lmr/m/n/12 Faible
 []


Underfull \hbox (badness 10000) in paragraph at lines 90--90
\T1/lmr/m/n/12 consom-ma-
 []


Underfull \hbox (badness 10000) in paragraph at lines 90--90
\T1/lmr/m/n/12 tion, grande
 []


Underfull \hbox (badness 10000) in paragraph at lines 90--90
[]|\T1/lmr/m/n/12 Débit li-mité,
 []


Underfull \hbox (badness 6016) in paragraph at lines 90--90
[]|\T1/lmr/m/n/12 Couverture na-
 []


Underfull \hbox (badness 10000) in paragraph at lines 90--90
[]|\T1/lmr/m/n/12 Haut dé-bit,
 []


Underfull \hbox (badness 10000) in paragraph at lines 90--90
\T1/lmr/m/n/12 mo-bi-lité,
 []


Underfull \hbox (badness 10000) in paragraph at lines 90--90
[]|\T1/lmr/m/n/12 Payant (SIM),
 []


Underfull \hbox (badness 10000) in paragraph at lines 90--90
\T1/lmr/m/n/12 (fi-lai-re/-sans
 []


Overfull \hbox (0.77808pt too wide) in paragraph at lines 90--90
[]|\T1/lmr/m/n/12 SPI/I\TS1/lmr/m/n/12 ²\T1/lmr/m/n/12 C/RS485/
 []


Underfull \hbox (badness 6316) in paragraph at lines 90--90
\T1/lmr/m/n/12 la-tence, éco-
 []


Underfull \hbox (badness 10000) in paragraph at lines 90--90
[]|\T1/lmr/m/n/12 Portée li-mi-tée,
 []


Underfull \hbox (badness 10000) in paragraph at lines 90--90
\T1/lmr/m/n/12 dé-pend pro-to-
 []


Underfull \hbox (badness 10000) in paragraph at lines 90--90
[]|\T1/lmr/m/n/12 Robotique, mo-
 []


Underfull \hbox (badness 10000) in paragraph at lines 90--90
[]|\T1/lmr/m/n/12 Dépend
 []


Underfull \hbox (badness 3482) in paragraph at lines 90--90
[]|\T1/lmr/m/n/12 Wi-Fi sub-GHz
 []


Underfull \hbox (badness 10000) in paragraph at lines 90--90
[]|\T1/lmr/m/n/12 Jusqu'à plu-
 []


Underfull \hbox (badness 2662) in paragraph at lines 90--90
\T1/lmr/m/n/12 sieurs cen-taines
 []


Underfull \hbox (badness 10000) in paragraph at lines 90--90
[]|\T1/lmr/m/n/12 Longue por-
 []


Underfull \hbox (badness 10000) in paragraph at lines 90--90
\T1/lmr/m/n/12 tée Wi-Fi,
 []


Underfull \hbox (badness 8056) in paragraph at lines 90--90
\T1/lmr/m/n/12 bonne pé-né-
 []


Underfull \hbox (badness 10000) in paragraph at lines 90--90
[]|\T1/lmr/m/n/12 Peu ré-pandu,
 []


Underfull \hbox (badness 10000) in paragraph at lines 90--90
\T1/lmr/m/n/12 ma-té-riel spé-ci-
 []


Underfull \hbox (badness 10000) in paragraph at lines 90--90
[]|\T1/lmr/m/n/12 Puces dé-diées,
 []


Underfull \hbox (badness 10000) in paragraph at lines 90--90
\T1/lmr/m/n/12 com-mu-ni-ca-tion
 []


Underfull \hbox (badness 3568) in paragraph at lines 90--90
[]|\T1/lmr/m/n/12 50^^U100 m (ur-
 []


Underfull \hbox (badness 10000) in paragraph at lines 90--90
\T1/lmr/m/n/12 bain), 200^^U250
 []


Underfull \hbox (badness 10000) in paragraph at lines 90--90
[]|\T1/lmr/m/n/12 Faible la-
 []


Underfull \hbox (badness 10000) in paragraph at lines 90--90
[]|\T1/lmr/m/n/12 Communication
 []


Underfull \hbox (badness 1881) in paragraph at lines 90--90
\T1/lmr/m/n/12 ESP (ro-bots, IoT
 []


Underfull \hbox (badness 10000) in paragraph at lines 124--124
[]|\T1/lmr/bx/n/12 Résolution
 []


Underfull \hbox (badness 5519) in paragraph at lines 124--124
[]|\T1/lmr/bx/n/12 Format vi-
 []


Underfull \hbox (badness 10000) in paragraph at lines 124--124
[]|\T1/lmr/bx/n/12 Prix
 []


Underfull \hbox (badness 10000) in paragraph at lines 124--124
\T1/lmr/bx/n/12 in-di-ca-
 []


Underfull \hbox (badness 10000) in paragraph at lines 124--124
[]|\T1/lmr/bx/n/12 Champ
 []


Underfull \hbox (badness 10000) in paragraph at lines 124--124
[]|\T1/lmr/bx/n/12 Énergie
 []


Underfull \hbox (badness 3000) in paragraph at lines 124--124
[]|\T1/lmr/m/n/12 Très bon mar-
 []


Underfull \hbox (badness 10000) in paragraph at lines 124--124
\T1/lmr/m/n/12 ché, faible
 []


Underfull \hbox (badness 10000) in paragraph at lines 124--124
[]|\T1/lmr/m/n/12 SCCB /
 []


Underfull \hbox (badness 10000) in paragraph at lines 124--124
[]|\T1/lmr/m/n/12 JPEG in-té-gré,
 []


Underfull \hbox (badness 10000) in paragraph at lines 124--124
[]|\T1/lmr/m/n/12 Raspberry Pi
 []


Underfull \hbox (badness 10000) in paragraph at lines 124--124
[]|\T1/lmr/m/n/12 MJPEG /
 []


Underfull \hbox (badness 1137) in paragraph at lines 124--124
\T1/lmr/m/n/12 déo, com-pa-tible
 []


Underfull \hbox (badness 10000) in paragraph at lines 124--124
[]|\T1/lmr/m/n/12 Wi-Fi /
 []


Underfull \hbox (badness 10000) in paragraph at lines 124--124
[]|\T1/lmr/m/n/12 Streaming HD
 []


Underfull \hbox (badness 10000) in paragraph at lines 124--124
[]|\T1/lmr/m/n/12 Raspberry Pi
 []


Underfull \hbox (badness 10000) in paragraph at lines 124--124
[]|\T1/lmr/m/n/12 Sony
 []


Overfull \hbox (1.47841pt too wide) in paragraph at lines 124--124
[]|\T1/lmr/m/n/12 RAW12/10/8,
 []


Underfull \hbox (badness 10000) in paragraph at lines 124--124
[]|\T1/lmr/m/n/12 Nécessite Pi,
 []


Underfull \hbox (badness 1024) in paragraph at lines 124--124
\T1/lmr/m/n/12 8MP Mini Mo-
 []


Underfull \hbox (badness 10000) in paragraph at lines 124--124
[]|\T1/lmr/m/n/12 OV5640 /
 []


Underfull \hbox (badness 5847) in paragraph at lines 124--124
[]|\T1/lmr/m/n/12 Compact, ré-so-
 []


Underfull \hbox (badness 6825) in paragraph at lines 124--124
\T1/lmr/m/n/12 com-pa-tible Ar-
 []


Underfull \hbox (badness 10000) in paragraph at lines 124--124
[]|\T1/lmr/m/n/12 Configuration
 []


Underfull \hbox (badness 10000) in paragraph at lines 124--124
\T1/lmr/m/n/12 par-fois com-
 []


Underfull \hbox (badness 4995) in paragraph at lines 124--124
\T1/lmr/m/n/12 plexe, né-ces-site
 []


Underfull \hbox (badness 10000) in paragraph at lines 124--124
[]|\T1/lmr/m/n/12 MJPEG /
 []


Underfull \hbox (badness 10000) in paragraph at lines 124--124
\T1/lmr/m/n/12 IR, com-pa-tible
 []


Underfull \hbox (badness 10000) in paragraph at lines 124--124
[]|\T1/lmr/m/n/12 Arducam
 []


Underfull \hbox (badness 3989) in paragraph at lines 124--124
\T1/lmr/m/n/12 mo-dule com-pa-
 []


Underfull \hbox (badness 2142) in paragraph at lines 124--124
\T1/lmr/m/n/12 tible Pi / Ar-
 []


Underfull \hbox (badness 6725) in paragraph at lines 124--124
[]|\T1/lmr/m/n/12 Plus cher que
 []


Underfull \hbox (badness 3333) in paragraph at lines 124--124
\T1/lmr/m/n/12 OV2640, né-ces-
 []


Underfull \hbox (badness 10000) in paragraph at lines 149--149
[]|\T1/lmr/bx/n/12 Microcontrôleur
 []


Underfull \hbox (badness 1342) in paragraph at lines 149--149
[]|\T1/lmr/bx/n/12 Prix in-
 []


Underfull \hbox (badness 10000) in paragraph at lines 149--149
[]|\T1/lmr/m/n/12 Très simple,
 []


Underfull \hbox (badness 10000) in paragraph at lines 149--149
\T1/lmr/m/n/12 stable, énorme
 []


Underfull \hbox (badness 2103) in paragraph at lines 149--149
[]|\T1/lmr/m/n/12 Arduino Nano 33
 []


Underfull \hbox (badness 10000) in paragraph at lines 149--149
[]|\T1/lmr/m/n/12 BLE in-té-gré,
 []


Underfull \hbox (badness 10000) in paragraph at lines 149--149
\T1/lmr/m/n/12 faible consom-
 []


Underfull \hbox (badness 6725) in paragraph at lines 149--149
[]|\T1/lmr/m/n/12 Plus cher que
 []


Underfull \hbox (badness 10000) in paragraph at lines 149--149
[]|\T1/lmr/m/n/12 Beaucoup de
 []


Underfull \hbox (badness 6876) in paragraph at lines 149--149
\T1/lmr/m/n/12 GPIO, sup-port
 []


Underfull \hbox (badness 10000) in paragraph at lines 149--149
[]|\T1/lmr/m/n/12 Lent, mé-moire
 []


Underfull \hbox (badness 10000) in paragraph at lines 149--149
[]|\T1/lmr/m/n/12 Faible consom-
 []


Underfull \hbox (badness 10000) in paragraph at lines 149--149
[]|\T1/lmr/m/n/12 Moins ré-pandu
 []


Underfull \hbox (badness 10000) in paragraph at lines 149--149
[]|\T1/lmr/m/n/12 STM32F103C8
 []


Underfull \hbox (badness 10000) in paragraph at lines 149--149
\T1/lmr/m/n/12 com-pact, pas
 []


Underfull \hbox (badness 10000) in paragraph at lines 149--149
[]|\T1/lmr/m/n/12 Écosystème
 []


Underfull \hbox (badness 10000) in paragraph at lines 149--149
\T1/lmr/m/n/12 moins simple
 []


Underfull \hbox (badness 10000) in paragraph at lines 176--176
[]|\T1/lmr/bx/n/12 Microcontrôleur
 []


Underfull \hbox (badness 1342) in paragraph at lines 176--176
[]|\T1/lmr/bx/n/12 Prix in-
 []


Underfull \hbox (badness 4120) in paragraph at lines 176--176
[]|\T1/lmr/m/n/12 Tensilica 32-
 []


Underfull \hbox (badness 10000) in paragraph at lines 176--176
[]|\T1/lmr/m/n/12 80^^U160
 []


Underfull \hbox (badness 10000) in paragraph at lines 176--176
[]|\T1/lmr/m/n/12 160
 []


Underfull \hbox (badness 10000) in paragraph at lines 176--176
[]|\T1/lmr/m/n/12 Wi-Fi in-té-gré,
 []


Underfull \hbox (badness 10000) in paragraph at lines 176--176
[]|\T1/lmr/m/n/12 Tensilica
 []


Underfull \hbox (badness 2173) in paragraph at lines 176--176
\T1/lmr/m/n/12 Xtensa dual-
 []


Underfull \hbox (badness 10000) in paragraph at lines 176--176
[]|\T1/lmr/m/n/12 520
 []


Underfull \hbox (badness 10000) in paragraph at lines 176--176
[]|\T1/lmr/m/n/12 Plus com-plexe
 []


Underfull \hbox (badness 10000) in paragraph at lines 176--176
\T1/lmr/m/n/12 à pro-gram-mer
 []


Underfull \hbox (badness 10000) in paragraph at lines 176--176
\T1/lmr/m/n/12 que Ar-duino
 []


Underfull \hbox (badness 10000) in paragraph at lines 176--176
[]|\T1/lmr/m/n/12 Tensilica
 []


Underfull \hbox (badness 10000) in paragraph at lines 176--176
[]|\T1/lmr/m/n/12 520
 []


Underfull \hbox (badness 10000) in paragraph at lines 176--176
[]|\T1/lmr/m/n/12 Caméra +
 []


Underfull \hbox (badness 1242) in paragraph at lines 176--176
[]|\T1/lmr/m/n/12 Pas fa-cile pour
 []


Underfull \hbox (badness 10000) in paragraph at lines 176--176
\T1/lmr/m/n/12 de-bug-ging,
 []


Underfull \hbox (badness 10000) in paragraph at lines 176--176
\T1/lmr/m/n/12 consom-ma-tion
 []


Underfull \hbox (badness 10000) in paragraph at lines 176--176
\T1/lmr/m/n/12 A72 quad-
 []


Underfull \hbox (badness 10000) in paragraph at lines 176--176
[]|\T1/lmr/m/n/12 2^^U8
 []


Underfull \hbox (badness 10000) in paragraph at lines 176--176
[]|\T1/lmr/m/n/12 SD
 []


Underfull \hbox (badness 1845) in paragraph at lines 176--176
[]|\T1/lmr/m/n/12 Ethernet, Wi-
 []


Underfull \hbox (badness 10000) in paragraph at lines 176--176
[]|\T1/lmr/m/n/12 GPIO 40
 []


Underfull \hbox (badness 10000) in paragraph at lines 176--176
\T1/lmr/m/n/12 multi-tâches,
 []


Underfull \hbox (badness 10000) in paragraph at lines 176--176
[]|\T1/lmr/m/n/12 Consommation
 []


Underfull \hbox (badness 1769) in paragraph at lines 176--176
\T1/lmr/m/n/12 éle-vée, pas mi-
 []


Underfull \hbox (badness 10000) in paragraph at lines 176--176
\T1/lmr/m/n/12 cro-con-trô-leur
 []


Overfull \hbox (5.39119pt too wide) in paragraph at lines 176--176
[]|\T1/lmr/m/n/12 ARM1176JZF-
 []


Underfull \hbox (badness 10000) in paragraph at lines 176--176
[]|\T1/lmr/m/n/12 512
 []


Underfull \hbox (badness 10000) in paragraph at lines 176--176
[]|\T1/lmr/m/n/12 SD
 []


Underfull \hbox (badness 1325) in paragraph at lines 176--176
[]|\T1/lmr/m/n/12 Wi-Fi / BLE
 []


Underfull \hbox (badness 10000) in paragraph at lines 176--176
[]|\T1/lmr/m/n/12 GPIO 40
 []


Underfull \hbox (badness 10000) in paragraph at lines 176--176
[]|\T1/lmr/m/n/12 Petit, faible
 []


Underfull \hbox (badness 10000) in paragraph at lines 176--176
\T1/lmr/m/n/12 CPU, Li-nux
 []


Underfull \hbox (badness 10000) in paragraph at lines 176--176
\T1/lmr/m/n/12 core ARM
 []


Underfull \hbox (badness 10000) in paragraph at lines 176--176
[]|\T1/lmr/m/n/12 264
 []


Underfull \hbox (badness 2547) in paragraph at lines 176--176
[]|\T1/lmr/m/n/12 Très bon com-
 []


Underfull \hbox (badness 10000) in paragraph at lines 176--176
\T1/lmr/m/n/12 pro-mis prix/-
 []


Underfull \hbox (badness 10000) in paragraph at lines 176--176
\T1/lmr/m/n/12 puis-sance,
 []


Underfull \hbox (badness 10000) in paragraph at lines 176--176
\T1/lmr/m/n/12 RP2040 pro-
 []



File: images/logos/entete_deux_logos.png Graphic file (type png)
<use images/logos/entete_deux_logos.png>
Package pdftex.def Info: images/logos/entete_deux_logos.png  used on input line 271.
(pdftex.def)             Requested size: 100.27284pt x 19.27165pt.

Package fancyhdr Warning: \headheight is too small (12.0pt): 
(fancyhdr)                Make it at least 24.6717pt, for example:
(fancyhdr)                \setlength{\headheight}{24.6717pt}.
(fancyhdr)                You might also make \topmargin smaller:
(fancyhdr)                \addtolength{\topmargin}{-12.6717pt}.

[16


]

File: images/logos/entete_deux_logos.png Graphic file (type png)
<use images/logos/entete_deux_logos.png>
Package pdftex.def Info: images/logos/entete_deux_logos.png  used on input line 271.
(pdftex.def)             Requested size: 100.27284pt x 19.27165pt.

Package fancyhdr Warning: \headheight is too small (12.0pt): 
(fancyhdr)                Make it at least 24.6717pt, for example:
(fancyhdr)                \setlength{\headheight}{24.6717pt}.
(fancyhdr)                You might also make \topmargin smaller:
(fancyhdr)                \addtolength{\topmargin}{-12.6717pt}.

[17]

File: images/logos/entete_deux_logos.png Graphic file (type png)
<use images/logos/entete_deux_logos.png>
Package pdftex.def Info: images/logos/entete_deux_logos.png  used on input line 271.
(pdftex.def)             Requested size: 100.27284pt x 19.27165pt.

Package fancyhdr Warning: \headheight is too small (12.0pt): 
(fancyhdr)                Make it at least 24.6717pt, for example:
(fancyhdr)                \setlength{\headheight}{24.6717pt}.
(fancyhdr)                You might also make \topmargin smaller:
(fancyhdr)                \addtolength{\topmargin}{-12.6717pt}.

[18]

File: images/logos/entete_deux_logos.png Graphic file (type png)
<use images/logos/entete_deux_logos.png>
Package pdftex.def Info: images/logos/entete_deux_logos.png  used on input line 271.
(pdftex.def)             Requested size: 100.27284pt x 19.27165pt.

Package fancyhdr Warning: \headheight is too small (12.0pt): 
(fancyhdr)                Make it at least 24.6717pt, for example:
(fancyhdr)                \setlength{\headheight}{24.6717pt}.
(fancyhdr)                You might also make \topmargin smaller:
(fancyhdr)                \addtolength{\topmargin}{-12.6717pt}.

[19]) 
enddocument/afterlastpage (AED): lastpage setting LastPage.
(main.aux)
 ***********
LaTeX2e <2025-06-01> patch level 1
L3 programming layer <2025-09-02>
 ***********
 ) 
Here is how much of TeX's memory you used:
 63750 strings out of 468130
 1499642 string characters out of 5430633
 2369988 words of memory out of 5000000
 91443 multiletter control sequences out of 15000+600000
 695388 words of font info for 93 fonts, out of 8000000 for 9000
 1141 hyphenation exceptions out of 8191
 125i,16n,131p,2553b,1151s stack positions out of 10000i,1000n,20000p,200000b,200000s
 <C:\Users\bnola\AppData\Local\MiKTeX\fonts/pk/ljfour/public/mathabx/dpi600\matha12.pk> <C:\Users\bnola\AppData\Local\MiKTeX\fonts/pk/ljfour/public/mathabx/dpi657\matha10.pk><C:/Users/bnola/AppData/Local/Programs/MiKTeX/fonts/type1/public/lm/lmbx10.pfb><C:/Users/bnola/AppData/Local/Programs/MiKTeX/fonts/type1/public/lm/lmbx12.pfb><C:/Users/bnola/AppData/Local/Programs/MiKTeX/fonts/type1/public/lm/lmbxi10.pfb><C:/Users/bnola/AppData/Local/Programs/MiKTeX/fonts/type1/public/lm/lmcsc10.pfb><C:/Users/bnola/AppData/Local/Programs/MiKTeX/fonts/type1/public/lm/lmr10.pfb><C:/Users/bnola/AppData/Local/Programs/MiKTeX/fonts/type1/public/lm/lmr12.pfb><C:/Users/bnola/AppData/Local/Programs/MiKTeX/fonts/type1/public/lm/lmr8.pfb><C:/Users/bnola/AppData/Local/Programs/MiKTeX/fonts/type1/public/lm/lmri10.pfb>
Output written on main.pdf (19 pages, 651588 bytes).
PDF statistics:
 368 PDF objects out of 1000 (max. 8388607)
 66 named destinations out of 1000 (max. 500000)
 187 words of extra memory for PDF output out of 10000 (max. 10000000)

